NOFF
2497 4990 0
0.0882441 -0.00399158 -0.102114 -0.127935 0.174711 -0.976273
0.122994 -0.335859 -0.131382 0.607135 0.65085 -0.455831
0.165595 -0.367701 -0.0712473 -0.684734 -0.726041 -0.0632824
0.176209 -0.371111 -0.105017 -0.425737 -0.797569 0.427353
0.0137778 -0.204468 -0.165544 -0.255567 -0.325484 -0.910355
0.0340759 -0.151118 -0.171047 0.0871678 0.264819 -0.96035
0.138228 -0.211905 -0.161379 0.214702 0.078249 -0.97354
0.134413 -0.249278 -0.161373 0.171264 -0.162769 -0.971687
-0.0792144 -0.147161 -0.143181 -0.393744 -0.264687 -0.880288
-0.0492833 -0.105057 -0.164942 -0.0094823 0.178297 -0.983931
-0.00371574 0.00400205 -0.131159 0.181086 0.171326 -0.968429
0.0394537 -0.0301074 -0.120024 0.342499 0.316445 -0.884623
0.054361 -0.0604459 -0.137778 0.123204 0.378487 -0.91737
0.0721492 -0.0771468 -0.140847 0.255535 0.308513 -0.916254
0.117061 -0.0909041 -0.130094 -0.100667 0.285624 -0.95304
0.149143 -0.152481 -0.146735 0.266654 0.135327 -0.954244
0.218715 -0.198491 -0.120757 -0.070761 -0.230201 -0.970567
0.225639 -0.241793 -0.118065 0.456726 0.0605814 -0.887542
0.212721 -0.275129 -0.131115 0.289334 0.176193 -0.940873
0.255236 -0.241644 -0.111578 0.480877 0.0780029 -0.873311
0.26532 -0.274225 -0.115753 0.139452 0.788971 -0.598396
0.239809 -0.30432 -0.142364 0.0518382 0.360655 -0.931257
0.210299 -0.305694 -0.138409 0.0498192 -0.10006 -0.993733
0.116912 -0.280408 -0.145772 -0.106427 -0.412211 -0.904851
-0.00505934 -0.251973 -0.129277 -0.321606 -0.481285 -0.815435
-0.107872 -0.194686 -0.113034 -0.42654 -0.541352 -0.72457
0.0562672 -0.0250512 -0.122681 0.163561 0.380041 -0.910394
0.0790712 -0.0252919 -0.11362 0.365236 0.341734 -0.865921
0.0286253 0.0140195 -0.117659 0.268487 0.165409 -0.948976
0.0833238 0.00882868 -0.109072 0.20207 -0.152925 -0.967358
0.105784 -0.00704754 -0.113605 -0.236445 0.173269 -0.956071
0.0245429 0.0705197 -0.130824 0.173976 -0.305933 -0.936022
0.146944 0.0524693 -0.116439 -0.180625 -0.307877 -0.934123
0.172554 -0.121991 -0.151878 -0.192097 -0.104739 -0.975771
0.162932 -0.0203081 -0.111129 -0.172735 -0.101959 -0.979677
0.199858 -0.0739588 -0.132705 0.213723 0.297428 -0.930515
0.224076 0.00595342 -0.143354 -0.479384 -0.0669322 -0.875049
0.316951 -0.0287504 -0.19066 -0.196169 -0.133498 -0.97144
0.284518 -0.0901244 -0.178698 -0.33385 -0.0329331 -0.942051
0.240712 -0.115007 -0.149382 -0.532795 -0.0849714 -0.841968
0.248287 -0.135993 -0.160177 -0.556675 0.00283339 -0.830725
-0.0181527 -0.307233 -0.0799378 -0.559195 -0.746957 -0.359662
-0.118699 -0.224654 -0.0624921 -0.538167 -0.698396 -0.471825
-0.201172 -0.166844 -0.0584606 -0.555189 -0.719117 -0.417894
-0.188539 -0.144854 -0.100508 -0.483454 -0.374655 -0.791142
-0.144956 -0.107044 -0.131371 -0.497956 -0.31822 -0.806707
-0.12528 -0.0577491 -0.152923 -0.148026 0.26925 -0.951626
-0.0233304 0.0241746 -0.119953 -0.336355 0.491501 -0.803301
-0.0925182 -0.279562 0.00261539 -0.457952 -0.880298 -0.123917
-0.121985 -0.250395 0.00757221 -0.627884 -0.776043 -0.0593195
-0.205513 -0.186027 0.000931352 -0.601584 -0.775807 0.190315
0.0756773 -0.315139 -0.129125 -0.480383 -0.212045 -0.85104
0.192387 -0.373776 -0.140537 -0.184095 0.0865293 -0.979092
0.159503 -0.368045 -0.127923 0.0581315 0.381035 -0.922731
0.121325 -0.315633 -0.137584 0.0559426 -0.334269 -0.940816
0.155735 -0.367036 -0.141018 0.641671 0.75787 0.117863
0.196402 -0.390165 -0.16038 0.317269 0.860715 -0.398134
0.219043 -0.395487 -0.113388 0.957935 -0.145123 0.247589
0.224514 -0.403695 -0.153521 0.783255 0.60884 -0.125795
0.247973 -0.368229 -0.123041 0.051961 -0.955998 -0.288736
0.263358 -0.435677 -0.111446 0.591366 0.77971 0.205765
0.242486 -0.436487 -0.144637 0.859077 0.369112 -0.354604
0.259611 -0.45579 -0.120047 0.439365 -0.887694 0.137687
0.14263 -0.376898 -0.173152 -0.138542 0.485375 -0.863259
0.190142 -0.401478 -0.174254 0.242302 0.302188 -0.921939
0.234851 -0.418402 -0.158287 0.555228 0.536391 -0.635615
0.126282 -0.395037 -0.148819 -0.493499 -0.425532 -0.758539
0.0684604 -0.334138 -0.128317 -0.104359 0.563704 -0.819358
0.178556 -0.417523 -0.156309 -0.220566 -0.80576 -0.549637
0.22219 -0.427428 -0.15006 -0.273277 -0.806696 -0.523986
0.0621746 -0.341829 -0.124139 -0.462762 -0.88596 0.0304231
0.117591 -0.403212 -0.122414 -0.607906 -0.779542 0.150882
0.177914 -0.427542 -0.115267 -0.169994 -0.96769 -0.186222
0.205442 -0.442478 -0.118896 -0.356817 -0.915711 -0.184813
-0.243879 -0.00144399 -0.0826084 -0.50348 -0.144225 -0.851884
-0.204002 0.0242744 -0.0974565 -0.0684138 0.664264 -0.744361
-0.152417 0.050367 -0.071247 -0.14327 0.820246 -0.553777
-0.0585507 0.0452656 -0.0982339 -0.113745 0.690509 -0.714325
-0.0461935 0.0580527 -0.0965788 -0.803226 0.363276 0.472079
-0.302432 -0.0238743 -0.045137 -0.94466 -0.277358 -0.175183
-0.315721 -0.0432886 0.00332372 -0.957452 -0.262155 0.120666
-0.319832 0.0361807 0.0022379 -0.98356 0.129272 0.126086
-0.307724 0.0171354 -0.0281777 -0.888037 0.23689 -0.394047
-0.283359 0.0294895 -0.0503719 -0.753477 0.206638 -0.624158
-0.291424 -0.0321571 -0.065456 -0.78055 0.10379 -0.616416
-0.253567 0.0407203 -0.0772519 -0.231784 0.511203 -0.827616
-0.227897 0.0463277 -0.081537 -0.0317322 0.436509 -0.89914
-0.177492 0.0606689 -0.0456518 0.333436 0.561963 -0.756979
-0.289248 0.105463 -0.0101313 -0.898514 0.434653 -0.0612331
-0.278265 0.101157 -0.0211486 -0.773562 0.480546 -0.41313
-0.27176 0.0987109 -0.047534 -0.535304 0.325046 -0.779612
-0.235313 0.0887071 -0.0618982 0.107504 0.354363 -0.928908
-0.187188 0.0966241 -0.0487971 0.468003 -0.0458763 -0.882535
-0.272891 -0.116059 0.0055542 -0.819578 -0.569138 -0.0661394
-0.280795 -0.0809809 -0.0370556 -0.779152 -0.417825 -0.467274
-0.269172 -0.0640109 -0.0819341 -0.504048 -0.163991 -0.847964
-0.27057 0.14039 -0.0020056 -0.883196 0.327981 0.33525
-0.258796 0.147649 -0.0196362 -0.599184 0.0890048 -0.795648
-0.24883 0.146155 -0.0362345 -0.723923 0.112714 -0.680611
-0.215561 0.143315 -0.0452309 -0.221569 -0.0138618 -0.975046
-0.187931 0.133609 -0.0475307 0.325035 -0.000559789 -0.945702
-0.277336 0.158346 -0.00215683 -0.793107 -0.477053 -0.378685
-0.260131 0.159005 -0.01339 -0.746352 -0.313311 -0.587192
-0.24976 0.16109 -0.0298481 -0.254122 -0.603496 -0.755787
-0.21702 0.185337 -0.0552262 -0.116583 -0.00454695 -0.993171
-0.193955 0.198817 -0.0526793 0.767937 -0.0179878 -0.640273
-0.286946 0.16838 -0.00506139 -0.297965 -0.935747 -0.188664
-0.275036 0.16884 -0.0182754 -0.473056 -0.866918 -0.157071
-0.270831 0.200974 -0.0532237 -0.119008 -0.537606 -0.834755
-0.310066 0.171843 0.00362146 -0.233272 -0.972057 -0.0262486
-0.308362 0.176014 -0.0287047 -0.0175522 -0.892712 -0.450287
-0.319692 0.19479 -0.0613758 -0.150561 -0.780772 -0.606405
-0.336359 0.171666 0.00367765 0.0767731 -0.985943 0.148401
-0.331478 0.170088 -0.0237498 -0.248943 -0.923914 -0.290534
-0.33384 0.178404 -0.0352842 -0.0276541 -0.662767 -0.748315
-0.371 0.16753 -0.00421982 -0.169386 -0.9655 0.197782
-0.351879 0.17555 -0.0232905 0.0277093 -0.945466 -0.324539
-0.396416 0.177914 -0.0366923 0.12604 -0.907912 -0.399763
-0.394138 0.169153 -0.0212664 0.179639 -0.970265 -0.16222
-0.388796 0.174535 -0.00191112 0.14917 -0.973766 -0.171838
-0.441281 0.161039 -0.0145226 0.113827 -0.989916 0.0843202
-0.447814 0.161559 -0.029346 -0.0763081 -0.025798 -0.99675
-0.446824 0.160236 -0.00405086 0.0141751 -0.972791 0.231251
-0.46942 0.163843 -0.0136172 0.386041 -0.783741 0.486541
-0.46734 0.164207 -0.0223578 -0.841455 -0.181058 -0.509089
-0.462304 0.159267 0.00326024 -0.460309 -0.880394 -0.114118
-0.484038 0.172699 0.00141019 -0.686476 -0.715307 0.130714
-0.123548 0.0699407 -0.0455006 0.00206033 0.984537 -0.175164
-0.0506119 0.0746161 -0.0546657 -0.0409779 0.93941 -0.340337
-0.157176 0.0770607 -0.0231935 0.320692 0.935264 -0.149795
-0.151964 0.0692461 -0.012912 0.427624 0.883364 0.19185
-0.116083 0.0823131 -0.0174503 -0.0636225 0.964336 -0.25692
-0.0375807 0.0836542 -0.0126373 0.0151705 0.974997 -0.221701
-0.146498 0.08411 0.00128925 0.341478 0.904726 -0.254684
-0.113685 0.0838063 0.012257 -0.188748 0.828469 0.527269
-0.0383599 0.0812676 0.0087342 0.00419409 0.841029 0.540974
-0.160872 0.0898061 -0.0422518 0.809169 -0.00411646 -0.587561
-0.162345 0.0953337 -0.0101389 0.490959 0.0137317 -0.871074
-0.144006 0.097574 0.00750564 0.710968 -0.0407478 0.702043
-0.169231 0.141648 -0.0319672 0.849094 -0.0356731 -0.527037
-0.156086 0.140408 -0.0246708 0.753145 -0.214449 -0.62192
-0.148536 0.149956 0.00413845 0.988134 -0.113943 -0.102992
-0.00489449 0.0758235 -0.0393109 -0.071045 0.912926 -0.401893
0.0286569 0.0733827 -0.0184239 0.0327353 0.935076 0.352932
0.0326319 0.0796979 -0.00449035 0.0963339 0.965256 0.242899
0.142141 0.0606383 0.00119834 0.347883 0.780945 -0.518751
0.136284 0.0603948 -0.0160058 0.539035 0.794252 0.280367
0.0371273 0.0824538 -0.0404308 -0.330696 0.47686 0.814398
0.135865 0.0791366 -0.0363206 0.342955 0.20655 0.916362
0.213405 -0.00622066 -0.00275182 0.729855 0.477339 0.489346
0.209486 -0.0209077 -0.00919296 0.853948 0.311965 0.416475
0.261316 -0.00288788 -0.0850269 0.578114 0.429848 0.693553
0.251281 -0.108649 -0.00677766 0.699762 0.488516 0.521234
0.244913 -0.110295 -0.0270919 0.928178 0.265093 0.261174
0.296655 -0.201549 -0.00691499 0.854915 0.428855 -0.291898
0.284477 -0.209794 -0.057294 0.888789 0.440088 -0.127969
0.284333 -0.0367058 -0.100803 0.660331 0.260349 0.704401
0.283684 -0.194264 -0.0633757 0.656247 -0.202336 0.726911
0.31168 -0.148371 -0.0803472 0.649647 0.105713 0.752851
0.326027 -0.100499 -0.122889 0.880924 0.11397 0.45933
0.325763 -0.265564 0.00177016 0.890777 0.45011 0.0625833
0.296157 -0.25122 -0.0591364 0.911583 0.288837 -0.292558
0.325307 -0.214959 -0.110446 0.841907 -0.220979 0.492302
0.334499 -0.158956 -0.121142 0.965128 0.0326931 -0.259729
0.275112 -0.255182 -0.10668 0.167973 -0.904018 -0.393111
0.307647 -0.260405 -0.133641 0.737858 -0.674456 -0.0259759
0.339618 -0.296008 0.00832272 0.853672 -0.520782 -0.00549312
0.330591 -0.298369 0.000877134 0.890028 0.451118 0.065898
0.337125 -0.308174 -0.0732221 0.179256 0.96656 -0.183383
0.353968 -0.298849 -0.00655957 -0.338589 0.932782 -0.123592
0.363661 -0.303532 0.000561744 -0.109292 0.992796 0.0491105
0.346041 -0.305163 -0.0726811 -0.225202 0.974032 0.0233751
0.416219 -0.305568 -0.00302159 0.814761 0.579025 0.0299055
0.39502 -0.303995 -0.0810896 0.901585 0.00117753 -0.4326
0.350661 -0.308506 -0.101399 -0.549837 0.0759374 -0.831813
0.309728 -0.173655 -0.153854 0.746989 -0.169522 -0.642861
0.298775 -0.291958 -0.0974678 0.738381 0.346203 -0.578738
0.281523 -0.25289 -0.0954778 -0.213561 0.766801 -0.605317
0.320688 -0.322473 -0.0937105 0.556665 0.568026 -0.606193
0.349053 -0.354818 -0.120773 0.710317 0.700276 -0.0711567
0.319267 -0.332237 -0.138023 0.505735 0.786547 -0.354367
0.301753 -0.354832 -0.181158 -0.0968622 0.0776951 -0.992261
0.380467 -0.404213 -0.154689 0.567749 0.0471176 -0.821852
0.35427 -0.35078 -0.0831144 0.853712 0.467473 -0.229444
0.368172 -0.337457 -0.0786921 0.285798 -0.708615 -0.645124
0.374152 -0.364652 0.00129339 0.911966 -0.410224 -0.00579136
0.3856 -0.396483 -0.0951959 0.619697 0.776885 -0.111471
0.414148 -0.421603 -0.106921 0.767218 -0.48702 -0.417358
0.419983 -0.40399 -0.00108228 0.498443 0.858607 0.119787
0.440909 -0.428963 0.00272303 0.862502 -0.505997 -0.00750019
0.269217 -0.365922 -0.149906 -0.366958 -0.584202 -0.723913
0.335523 -0.415069 -0.117102 -0.409733 -0.797862 -0.442194
0.296331 -0.403326 -0.0985342 -0.743296 -0.650485 -0.156142
0.362839 -0.432994 -0.0975181 -0.260874 -0.932607 -0.249377
0.313541 -0.420835 -0.062933 -0.315538 -0.94552 -0.0801718
0.374156 -0.447295 0.00228532 0.033201 -0.992909 0.114147
0.324964 -0.435761 0.000993233 -0.45428 -0.875037 -0.167153
-0.169747 0.188115 -0.0398649 0.338685 -0.0132047 -0.940807
-0.150155 0.188104 -0.031428 0.828247 -0.136994 -0.54336
-0.145698 0.195013 -0.00671924 0.980176 0.198126 -0.00112471
-0.167676 0.243764 -0.0260643 0.803087 0.201053 -0.560918
-0.155815 0.253584 -0.0114598 0.930537 0.244978 -0.272188
-0.208682 0.303438 -0.0232573 0.564821 0.719542 -0.404025
-0.196883 0.315448 0.000838771 0.664778 0.739831 0.10354
-0.248469 0.349466 0.00159035 0.238883 0.963566 0.120315
-0.254089 0.33999 -0.0379111 0.090009 0.85586 -0.509315
-0.332506 0.342965 0.00678587 -0.395543 0.872546 -0.28672
-0.330478 0.335294 -0.0339194 -0.259424 0.935616 -0.239422
-0.185252 0.245199 -0.037449 0.507069 0.239088 -0.828081
-0.205743 0.2405 -0.050885 0.208937 0.201205 -0.957007
-0.229049 0.204586 -0.0571256 0.157358 0.0313697 -0.987043
-0.239691 0.230083 -0.0557273 0.241527 0.233273 -0.941939
-0.280438 0.209811 -0.0677023 0.177296 -0.14924 -0.972776
-0.274009 0.226248 -0.0682829 -0.0534174 -0.273736 -0.96032
-0.305337 0.22934 -0.0533265 0.0697934 0.441481 -0.894552
-0.324892 0.207927 -0.0576407 -0.385208 -0.323859 -0.864136
-0.342251 0.197527 -0.048522 -0.197821 0.0289424 -0.979811
-0.347695 0.18734 -0.0376803 -0.184474 -0.164581 -0.968959
-0.360261 0.218995 -0.0345545 -0.592483 -0.0598737 -0.803355
-0.338942 0.227497 -0.0520081 0.0617773 -0.583224 0.809959
-0.35637 0.233497 -0.0449828 -0.430874 0.225875 -0.873686
-0.390203 0.181479 -0.0341417 -0.0266534 -0.567163 -0.823174
-0.448158 0.18181 -0.0253845 0.0556514 -0.0340771 -0.997869
-0.459093 0.181483 -0.023041 -0.730412 -0.249014 -0.635995
-0.490841 0.179814 -0.00453836 -0.885631 -0.403758 0.229428
-0.254775 0.277513 -0.0550157 0.235221 0.529652 -0.814948
-0.218809 0.284111 -0.0492402 0.179827 0.0377849 -0.982972
-0.261233 0.279878 -0.0518543 -0.0325818 -0.0434391 -0.998525
-0.268945 0.264174 -0.0580463 -0.136056 0.530248 -0.836855
-0.287518 0.255881 -0.0524821 -0.248463 0.35008 -0.903167
-0.312222 0.272727 -0.0545827 -0.0161126 0.00111292 -0.99987
-0.268683 0.29259 -0.0540883 0.0640406 -0.0523762 -0.996572
-0.264386 0.314144 -0.0526857 0.108694 0.492379 -0.863567
-0.318702 0.307627 -0.0570001 -0.180828 0.396322 -0.900128
-0.304804 0.287673 -0.0534423 0.359301 -0.572414 -0.737051
-0.357059 0.294388 -0.0299647 -0.844247 0.358772 -0.398158
-0.363747 0.30222 0.00318311 -0.831104 0.554395 -0.0437373
-0.340814 0.282051 -0.0529324 -0.364136 -0.140321 -0.920714
-0.354781 0.248945 -0.0392836 -0.495973 0.0217766 -0.868065
-0.371343 0.26746 -0.0395411 -0.669564 0.680236 -0.298269
-0.379232 0.270908 0.00129809 -0.964556 -0.00486209 -0.263833
-0.280726 0.287432 -0.0528184 0.371191 0.252559 -0.89355
-0.300515 0.278566 -0.0535985 -0.449151 0.115461 -0.885964
-0.305098 0.275542 -0.0541752 0.037314 0.221862 -0.974364
-0.291583 0.265978 -0.0539423 -0.444696 -0.217898 -0.868773
-0.272471 0.269323 -0.0638318 0.37379 -0.261036 -0.890023
-0.289405 0.282416 -0.0602228 -0.620562 0.390255 -0.68015
-0.378501 0.255574 -0.027983 -0.75712 0.344402 -0.555119
-0.382244 0.261425 0.00108522 -0.208996 0.976832 -0.0460481
-0.398771 0.199201 -0.0453663 -0.30321 0.578451 -0.75727
-0.444742 0.182956 -0.0351966 0.0832661 0.481967 -0.872224
-0.471256 0.186253 -0.0321462 -0.639609 0.43213 -0.635739
-0.491882 0.187399 0.00386984 -0.831965 0.554783 0.00705112
-0.38527 0.256112 -0.0184818 -0.174976 0.847217 -0.501605
-0.394877 0.244732 -0.0234846 -0.860933 0.491907 0.129703
-0.413361 0.252096 0.00250375 -0.484456 0.874806 -0.00412743
-0.410033 0.233276 -0.0335534 -0.276407 0.287024 -0.917178
-0.37116 0.235577 -0.0252038 -0.254983 0.306161 -0.917196
-0.399928 0.221706 -0.0350494 -0.159709 0.488607 -0.857763
-0.390784 0.229881 -0.0332697 -0.985989 0.100348 0.133254
-0.390015 0.238478 -0.0308333 -0.394417 0.383001 -0.835312
-0.449032 0.198677 -0.0208432 -0.316763 0.270166 -0.909215
-0.453725 0.208479 -0.00700382 -0.433713 0.786949 -0.438867
-0.458669 0.213565 0.00290119 -0.539448 0.784868 0.304922
-0.470109 0.196768 -0.0158361 -0.315507 0.449435 -0.835741
-0.47151 0.203174 -0.00850761 -0.891906 0.428962 -0.143165
-0.470961 0.219209 -0.0033573 -0.391357 0.447662 -0.804014
0.280667 -0.154204 -0.159188 0.123173 -0.273612 -0.953921
0.254784 -0.200434 -0.14484 -0.645123 -0.282988 -0.709742
0.289709 -0.161842 -0.155867 0.0106732 -0.218044 -0.975881
0.29473 -0.184719 -0.15988 -0.0504187 0.1219 -0.991261
0.287587 -0.254024 -0.153818 -0.237277 -0.4734 -0.848287
0.326586 -0.136811 -0.154605 0.749761 -0.338994 -0.568279
0.367274 -0.032978 -0.190189 0.934935 -0.240636 0.260751
0.326524 0.0693749 -0.21129 -0.399246 -0.441607 -0.803484
0.383913 0.064265 -0.230632 0.968931 -0.185215 0.163914
0.225091 0.1127 -0.176228 -0.500637 -0.471788 -0.725795
0.159065 0.142835 -0.155658 -0.0896112 -0.582 -0.808236
0.0535756 0.174726 -0.176815 -0.00781536 -0.707099 -0.707072
-0.00420116 0.0842077 -0.141915 -0.724683 -0.0883768 -0.683392
0.0398781 0.194159 -0.198944 -0.455836 -0.527964 -0.716566
0.286601 0.274027 -0.343763 -0.354042 -0.677963 -0.644221
0.397833 0.225543 -0.337897 0.985181 0.159284 0.0636097
0.180771 0.306044 -0.324688 -0.352329 -0.731313 -0.583991
0.13945 0.316198 -0.324046 0.278655 -0.724736 -0.630166
0.0814682 0.302892 -0.342559 0.157997 -0.819364 -0.551072
0.067468 0.298432 -0.353251 -0.734573 -0.601915 -0.313209
0.0752955 0.323987 -0.37426 -0.234149 -0.541492 -0.807441
0.130878 0.424606 -0.481603 -0.51972 -0.533559 -0.667237
0.145624 0.366476 -0.412347 0.0335918 -0.844768 -0.534077
0.416719 0.591693 -0.655975 0.730119 -0.16284 -0.663634
0.285959 0.361451 -0.437463 -0.201648 -0.618465 -0.7595
-0.029672 0.120387 -0.0967802 -0.852062 0.340774 0.397321
0.0202474 0.228643 -0.149683 -0.859093 0.440985 0.259791
0.038437 0.339168 -0.315071 -0.86784 0.442488 0.225962
0.0558486 0.375496 -0.35377 -0.592174 0.775757 0.218015
0.124744 0.447997 -0.470455 -0.831912 0.516567 -0.202685
0.17821 0.512704 -0.519808 -0.56517 0.752588 0.337927
0.176219 0.486019 -0.544364 -0.24673 -0.436254 -0.865336
0.319991 0.663179 -0.648928 -0.335185 0.0456338 -0.941046
0.0454861 0.122803 -0.0473132 -0.580864 0.488342 0.651244
0.0806744 0.127089 -0.0516307 0.351307 0.401935 0.845596
0.186849 0.0997865 -0.0664753 0.2817 0.444756 0.850199
0.294807 0.0506029 -0.114068 0.599553 0.149089 0.786326
0.319747 0.147498 -0.163584 0.631839 0.400606 0.663546
0.271843 0.31868 -0.271612 0.56664 0.633437 0.52695
0.426124 0.285328 -0.418299 0.931605 0.195102 0.306671
0.255187 0.357664 -0.314232 0.449935 0.68539 0.572538
0.300694 0.435418 -0.431576 0.439709 0.596489 0.671458
0.267532 0.493828 -0.47994 0.129186 0.707622 0.694681
0.164246 0.445433 -0.41189 -0.207626 0.861512 0.463345
0.168489 0.432996 -0.384675 -0.0473654 0.828945 0.557321
0.146863 0.371342 -0.285898 0.00197718 0.888815 0.458261
0.177239 0.346917 -0.25781 0.204728 0.753291 0.625011
0.219261 0.205499 -0.132436 0.380917 0.563933 0.732722
0.129834 0.249091 -0.118974 0.256144 0.487336 0.834801
0.0853044 0.242459 -0.109444 -0.24203 0.589479 0.770672
0.115853 0.31403 -0.189344 -0.158383 0.833705 0.529009
0.252256 0.425359 -0.51314 -0.0844334 -0.670124 -0.737431
0.454227 0.46089 -0.588011 0.779524 -0.406548 -0.476509
0.151272 -0.368293 -0.0897378 0.349771 0.641916 0.682352
0.115233 -0.30814 -0.103561 -0.576043 -0.817405 -0.00476751
0.10616 -0.322619 -0.100179 -0.0941689 -0.8554 0.509336
0.20519 -0.38419 -0.0808619 0.35381 0.931163 0.0880591
0.194898 -0.383447 -0.104085 -0.496601 -0.843161 0.206076
0.229536 -0.398198 -0.0862964 0.691275 0.696418 -0.192718
0.243055 -0.423303 -0.0952626 0.721494 0.692304 0.0127145
0.0794064 -0.315957 -0.109023 -0.0750769 -0.498094 0.863867
0.143891 -0.365884 -0.0666783 -0.0762075 0.450398 0.88957
0.195848 -0.397288 -0.0588005 0.125296 0.273579 0.953654
0.2279 -0.415613 -0.0711229 0.310779 -0.362321 0.878715
0.0777603 -0.332917 -0.116291 0.512814 0.259878 0.81822
0.131351 -0.391906 -0.0787642 -0.639054 -0.537096 0.55058
0.175578 -0.409597 -0.0750111 -0.351836 -0.646665 0.676784
0.221505 -0.428051 -0.074492 0.0329875 -0.668921 0.742601
-0.0184021 -0.304394 -0.0045508 -0.358365 -0.933547 0.00808523
0.0643141 -0.345503 0.000239005 -0.267982 -0.963399 -0.00692194
0.0688894 -0.331316 -0.0012388 0.988661 0.14804 0.0251692
0.0767072 -0.325502 -0.00186642 0.429132 -0.902945 -0.0231535
0.099872 -0.313726 -0.00070203 0.362068 -0.929643 0.0683441
0.111862 -0.31005 0.00327834 -0.640239 -0.767582 0.0301908
0.154625 -0.368248 -1.23803e-05 -0.720576 -0.693368 0.00343777
0.196728 -0.3787 -0.00505755 -0.272093 -0.960372 -0.0604266
0.217879 -0.389565 -0.00609729 0.447261 -0.89435 0.00976187
0.242683 -0.356441 -0.00132362 -0.0921914 -0.995702 -0.00879096
0.297686 -0.405592 -0.00488393 -0.742023 -0.670018 0.0218521
0.31299 -0.420729 0.000747802 -0.654408 -0.752032 0.0787244
0.0128426 -0.195719 0.156365 -0.105773 -0.188351 0.976389
0.0313477 -0.155531 0.167577 0.0953314 0.146278 0.984639
0.142833 -0.214583 0.159788 0.205167 0.114336 0.972026
0.131046 -0.24811 0.168553 0.0714366 -0.290119 0.954321
-0.0729297 -0.143023 0.148428 -0.420167 -0.491364 0.762903
-0.052295 -0.103626 0.154633 0.0476145 0.206993 0.977183
-0.00578674 0.00745193 0.135658 0.267901 0.0130379 0.963358
0.0371762 -0.0300176 0.126657 0.0329795 0.489418 0.871425
0.0547605 -0.0532602 0.13963 0.328744 0.24922 0.910943
0.0764953 -0.072323 0.14945 0.271354 0.284207 0.919561
0.11219 -0.101252 0.122185 0.302042 0.436192 0.847648
0.158433 -0.152729 0.147845 0.204656 0.0653913 0.976647
0.218796 -0.210637 0.114486 0.0707114 -0.0582955 0.995792
0.230328 -0.242256 0.126607 0.449858 0.158785 0.878872
0.225466 -0.282545 0.131687 0.452249 0.4261 0.783524
0.258026 -0.235883 0.113396 0.591106 0.289571 0.752823
0.260995 -0.277028 0.127743 0.452922 0.412307 0.790484
0.249997 -0.304719 0.139376 0.094827 0.508442 0.855859
0.209256 -0.300446 0.136829 0.0473874 -0.0871113 0.995071
0.111978 -0.28175 0.154524 -0.182468 -0.308551 0.933543
-0.00417362 -0.25076 0.126728 -0.369776 -0.509771 0.776788
-0.112471 -0.193741 0.110005 -0.493017 -0.558749 0.666883
0.050335 -0.0225617 0.124943 0.447247 0.554646 0.701668
0.0773095 -0.0232209 0.109751 -0.171549 0.534754 0.827411
0.0904966 -0.0322446 0.109977 -0.112397 0.0555148 0.992111
0.0230331 0.0213619 0.11615 0.313457 -0.511239 0.800237
0.082857 0.0172631 0.102555 -0.0552189 0.176435 0.982762
0.107414 -0.0131221 0.116975 -0.0504056 0.139469 0.988943
0.0162667 0.0773471 0.137758 0.0420516 -0.0602159 0.997299
0.137597 0.0557953 0.12689 -0.160326 -0.337698 0.9275
0.174204 -0.129207 0.149979 0.110456 0.302191 0.946826
0.168522 -0.0243565 0.116263 -0.126977 0.0807305 0.988615
0.196321 -0.0751577 0.123884 -0.134499 0.0685525 0.98854
0.228723 0.0102241 0.142813 -0.431489 -0.14254 0.890786
0.311398 -0.0353452 0.186653 -0.300581 -0.0536037 0.952249
0.280322 -0.0850749 0.1721 -0.01967 -0.202355 0.979115
0.235686 -0.10538 0.146335 -0.683227 0.0483254 0.728605
0.25282 -0.126792 0.161974 -0.282011 -0.23036 0.931345
-0.0187313 -0.305802 0.0840552 -0.459049 -0.708676 0.535773
-0.115909 -0.229524 0.0581796 -0.59059 -0.678161 0.437381
-0.20007 -0.175729 0.0640121 -0.596457 -0.656101 0.462352
-0.179672 -0.139876 0.0997807 -0.532569 -0.423911 0.732578
-0.146402 -0.0990468 0.132592 -0.568818 -0.279714 0.773438
-0.127091 -0.0577985 0.152808 -0.199641 0.364226 0.909661
-0.0295207 0.0187683 0.121386 -0.0013261 0.278915 0.960315
0.0789769 -0.3093 0.128634 -0.546523 -0.391205 0.740454
0.196584 -0.375569 0.131311 0.00383981 0.244021 0.969762
0.155163 -0.370713 0.128926 0.00213104 0.208208 0.978082
0.115822 -0.318908 0.141626 -0.138004 -0.390934 0.910014
0.10175 -0.313881 0.133056 0.348631 -0.0740673 0.934329
0.159852 -0.371429 0.154467 0.516815 0.844892 0.138058
0.202062 -0.385536 0.162552 0.165982 0.79891 0.578094
0.211116 -0.386407 0.121018 0.97928 0.0756396 0.187853
0.222134 -0.399786 0.142962 0.65308 0.748868 -0.112618
0.248368 -0.363892 0.123927 -0.461681 -0.798075 0.387204
0.260677 -0.438547 0.112921 0.771949 0.631566 0.0722415
0.237676 -0.431911 0.143027 0.852579 0.52256 -0.00638563
0.253829 -0.448874 0.114615 0.345529 -0.928557 -0.135614
0.144921 -0.371373 0.180961 0.0719578 0.652311 0.754528
0.198432 -0.391627 0.171344 -0.00680637 0.000331036 0.999977
0.232944 -0.41686 0.159066 0.755666 0.319267 0.571872
0.123434 -0.389034 0.157594 -0.503374 -0.635662 0.585276
0.069757 -0.332969 0.126118 -0.26583 0.403473 0.875525
0.180161 -0.426799 0.159806 -0.28706 -0.740672 0.607455
0.224337 -0.429634 0.154847 -0.0582498 -0.70561 0.706202
0.0682153 -0.347592 0.118069 -0.710241 -0.660275 0.244118
0.120221 -0.40825 0.116549 -0.588155 -0.772513 0.239369
0.178846 -0.42549 0.120197 -0.307686 -0.950992 0.0307189
0.210467 -0.443108 0.124371 -0.310708 -0.930148 -0.195665
-0.249351 0.000861845 0.0944099 -0.39723 0.101476 0.912091
-0.198812 0.0161126 0.0977398 -0.157931 0.496997 0.85326
-0.152099 0.0513043 0.0722238 -0.0450757 0.833599 0.550528
-0.0587981 0.0521612 0.101043 0.0476853 0.599093 0.799258
-0.038774 0.0601105 0.0890309 -0.691685 0.708761 0.138671
-0.298324 -0.0292064 0.0407569 -0.888414 -0.380454 0.256856
-0.31474 0.0229052 0.037646 -0.945198 0.309407 0.104251
-0.293744 0.035593 0.0509083 -0.358776 0.313765 0.879108
-0.287844 -0.0335677 0.0712147 -0.544107 -0.204974 0.813593
-0.246732 0.04394 0.0667786 -0.719368 0.372838 0.58609
-0.228499 0.0492966 0.0839808 -0.042308 0.438477 0.897746
-0.174482 0.0730898 0.0533081 0.530364 0.64734 0.547417
-0.279471 0.104615 0.0235582 -0.834129 0.403552 0.375998
-0.26994 0.102821 0.0455891 -0.542174 0.272479 0.79486
-0.234885 0.0862398 0.0603995 -0.288784 0.167169 0.942687
-0.192477 0.10397 0.0505981 0.560915 0.247912 0.789883
-0.286374 -0.0914841 0.0385396 -0.780998 -0.493241 0.383088
-0.268444 -0.0572797 0.0774701 -0.589684 -0.255971 0.765997
-0.257671 0.149771 0.0132227 -0.939884 0.341191 0.0143732
-0.250252 0.144997 0.032548 -0.637179 0.334286 0.694446
-0.222407 0.140312 0.0531401 0.0489413 0.142378 0.988602
-0.188371 0.135974 0.0475464 0.279482 -0.0193359 0.959956
-0.266903 0.15011 0.0239057 -0.411294 -0.621348 0.666907
-0.250755 0.164996 0.0473677 -0.522231 -0.556954 0.645815
-0.226897 0.194899 0.059935 -0.107218 -0.348673 0.931091
-0.191851 0.194062 0.0490112 0.514667 0.107812 0.850584
-0.276559 0.165898 0.0293787 -0.0845001 -0.880582 0.4663
-0.273941 0.192877 0.0557057 -0.0129234 -0.629847 0.776612
-0.307908 0.170031 0.0341762 0.0959871 -0.8819 0.461561
-0.321432 0.18617 0.0523829 -0.332307 -0.790206 0.514923
-0.33349 0.1699 0.0293114 0.195534 -0.975004 0.105516
-0.33587 0.177519 0.0440194 -0.0325199 -0.792639 0.608823
-0.354389 0.175404 0.0232485 -0.125619 -0.988332 0.0861395
-0.395682 0.179427 0.0413039 0.0595124 -0.899386 0.433085
-0.391774 0.169302 0.0178061 0.103599 -0.872426 0.47764
-0.447643 0.158968 0.017178 0.139569 -0.980604 -0.137605
-0.452109 0.171026 0.017502 -0.139926 0.431252 0.891315
-0.468547 0.158571 0.0101716 -0.615709 -0.579853 0.533548
-0.466585 0.162711 0.0186073 -0.0412208 -0.942695 0.331099
-0.143251 0.0619717 0.0399531 -0.0790238 0.970519 0.227703
-0.0531793 0.0742118 0.0463074 0.00205572 0.976553 0.215267
-0.156321 0.080916 0.0263067 0.570586 0.669813 0.475165
-0.146667 0.0790048 0.0104032 0.673491 0.7334 0.0923788
-0.120519 0.0736412 0.0148835 -0.180978 0.94885 0.258711
-0.0386749 0.073757 0.0105243 0.143713 0.928205 0.343193
-0.178283 0.0934023 0.0432231 0.70825 0.0642859 0.703028
-0.163065 0.0996739 0.00993904 0.801906 -0.178795 0.57007
-0.174324 0.143134 0.0409646 0.815198 -0.118459 0.566939
-0.154415 0.141511 0.0166246 0.937268 -0.246362 0.246647
-0.0187856 0.0692006 0.0461568 -0.0780193 0.965141 0.24983
0.0338796 0.0709351 0.0110586 0.0530006 0.995247 0.0817015
0.134012 0.0417776 0.0149526 0.480066 0.876416 0.0378287
0.0396389 0.0932288 0.0267315 -0.322861 0.458731 -0.827844
0.141992 0.0624313 0.0298635 0.325634 0.513904 -0.79364
0.205413 -0.024136 0.0134825 0.803536 0.398591 -0.442103
0.252652 0.00524422 0.0762459 0.702272 0.198673 -0.683625
0.25141 -0.114807 0.0308611 0.784034 0.248414 -0.568842
0.289514 -0.203682 0.0601186 0.929738 0.287691 0.229829
0.27982 -0.0327983 0.100458 0.75847 0.444473 -0.476621
0.287453 -0.189936 0.08132 0.771655 -0.223928 -0.595319
0.318604 -0.148315 0.0752218 0.650403 0.176546 -0.738788
0.327128 -0.0994161 0.132733 0.866064 0.499513 -0.0204806
0.307085 -0.251784 0.0598732 0.88652 0.409969 0.214491
0.317619 -0.204663 0.10547 0.756455 -0.350918 -0.551935
0.328946 -0.162744 0.121283 0.991309 -0.0865961 0.0990293
0.282698 -0.252639 0.0940922 -0.197757 -0.976881 0.0812133
0.313617 -0.27214 0.127377 0.789195 -0.597829 0.140613
0.341197 -0.300964 0.0646374 0.127661 0.983381 0.129093
0.349687 -0.300293 0.0672123 0.0322296 0.970521 0.238853
0.400348 -0.306373 0.0822598 0.813108 0.118092 0.570008
0.341115 -0.307838 0.0915213 0.135965 0.0780999 0.98763
0.314953 -0.176764 0.150338 0.816986 -0.0695488 0.572448
0.295034 -0.295608 0.0981979 0.795668 0.211769 0.567509
0.291693 -0.247839 0.0953447 0.123179 0.664204 0.737333
0.313298 -0.315798 0.108529 0.34576 0.834764 0.428507
0.343014 -0.36314 0.128392 0.677222 0.735157 0.0302246
0.321823 -0.336517 0.142986 0.506666 0.694871 0.510338
0.307605 -0.35364 0.18011 0.0368932 0.16033 0.986374
0.386728 -0.411611 0.15036 0.533245 0.0942697 0.840692
0.345581 -0.348485 0.0795264 0.831507 0.353468 0.428551
0.372298 -0.329151 0.0795065 0.683564 -0.585006 0.436472
0.392722 -0.380667 0.0805664 0.636011 0.770855 0.0356736
0.422681 -0.428689 0.112692 0.729032 -0.625921 0.277012
0.275266 -0.367423 0.154437 -0.47551 -0.684836 0.552169
0.330186 -0.41308 0.124176 -0.343546 -0.803344 0.486431
0.291901 -0.405865 0.103757 -0.558212 -0.817929 0.139253
0.358355 -0.434238 0.0996472 -0.182087 -0.959362 0.215568
0.317188 -0.418865 0.0724939 -0.365554 -0.913785 0.177106
-0.169923 0.188182 0.0402231 0.140843 -0.0925896 0.985693
-0.147249 0.193177 0.0297878 0.905845 -0.0987711 0.411934
-0.172341 0.254831 0.0301799 0.738469 0.472694 0.480858
-0.201801 0.305868 0.0299697 0.467062 0.391595 0.792784
-0.256558 0.337876 0.0293628 0.13347 0.502604 0.854152
-0.325392 0.325658 0.0301868 -0.216039 0.852591 0.475831
-0.178802 0.237629 0.0434649 0.280521 0.0847781 0.956097
-0.198542 0.236388 0.0523853 0.298656 0.27753 0.913116
-0.231905 0.208179 0.0558586 0.146041 0.288643 0.946233
-0.241789 0.231444 0.068354 0.357257 0.199503 0.912451
-0.268297 0.208571 0.0644335 0.0148378 -0.177497 0.984009
-0.279746 0.224228 0.061349 -0.223774 0.125334 0.966549
-0.312479 0.224878 0.0672327 -0.167162 0.159607 0.972925
-0.325752 0.206268 0.0557299 -0.291528 -0.391894 0.8726
-0.341214 0.198195 0.0515322 -0.205892 -0.182321 0.96144
-0.340552 0.191275 0.0369967 -0.119578 -0.578774 0.806673
-0.363113 0.219361 0.0363735 -0.461548 -0.039838 0.88622
-0.346455 0.220307 0.0450188 -0.674804 0.108782 0.729935
-0.35269 0.236293 0.0539077 -0.444598 0.0150547 0.895604
-0.39695 0.182868 0.0366033 0.446512 0.652312 -0.612467
-0.448394 0.173119 0.0295879 -0.0449051 0.34622 0.937078
-0.463724 0.180645 0.0259109 -0.48313 -0.370786 0.79316
-0.246845 0.288043 0.0567058 -0.362497 -0.368267 0.85614
-0.215298 0.285196 0.046822 0.552559 0.443626 0.705602
-0.264001 0.272792 0.0656409 0.270536 0.407713 0.872112
-0.275005 0.265537 0.0602061 0.10393 0.361569 0.926535
-0.300386 0.256722 0.0598359 -0.0880282 0.597806 0.796793
-0.315196 0.270107 0.0514702 0.131542 0.00874635 0.991272
-0.274523 0.302296 0.0546101 -0.000227471 -0.188922 0.981992
-0.265599 0.321312 0.0544734 0.37885 0.770993 0.511901
-0.323839 0.313088 0.0457149 -0.270777 0.366956 0.889957
-0.302774 0.286199 0.0601657 0.0165333 -0.594697 0.80378
-0.360332 0.297195 0.0340809 -0.751139 0.412528 0.515375
-0.33946 0.29526 0.0498949 -0.170855 -0.0735868 0.982544
-0.355593 0.257722 0.0349067 -0.714993 0.0326024 0.698371
-0.367143 0.256116 0.0382023 -0.84994 0.273069 0.450595
-0.287685 0.289952 0.0582901 0.156764 0.565618 0.809631
-0.290352 0.27907 0.0546544 -0.0698735 0.548494 0.83323
-0.304936 0.271369 0.0494121 -0.303263 -0.154518 0.940295
-0.287914 0.263138 0.0568916 -0.0519886 0.00294518 0.998643
-0.276085 0.268957 0.0584935 0.222074 -0.38365 0.896379
-0.280288 0.279647 0.0643108 -0.375071 0.0734112 0.924085
-0.375393 0.246303 0.0262675 -0.459654 0.293233 0.838291
-0.389957 0.187564 0.043877 -0.160419 0.344786 0.924872
-0.453763 0.186058 0.0188896 -0.227153 0.100939 0.968614
-0.469209 0.183996 0.030481 -0.322822 0.724926 0.608497
-0.389445 0.2556 0.0125886 -0.63042 0.540018 0.55763
-0.397034 0.249066 0.0230174 -0.491385 0.808556 0.323693
-0.400641 0.227582 0.0216635 -0.343447 0.487329 0.802841
-0.378706 0.233758 0.0294796 -0.361663 -0.00995818 0.932256
-0.392499 0.212993 0.0285918 -0.214997 0.276761 0.936579
-0.394946 0.230855 0.0204042 -0.445704 0.561996 0.696785
-0.392936 0.242493 0.017991 -0.354851 -0.72368 0.591919
-0.440424 0.206302 0.0222278 -0.103458 0.129014 0.986231
-0.450557 0.207732 0.0169371 -0.0343247 0.998889 -0.0322787
-0.476586 0.204535 0.0193609 -0.861461 0.29098 0.416192
-0.471671 0.205923 0.00712155 -0.585366 -0.0966131 0.804992
0.275135 -0.159335 0.16105 -0.485173 0.0348812 0.873722
0.261282 -0.20201 0.150206 -0.740477 -0.284306 0.608986
0.290102 -0.154668 0.159983 0.048038 -0.21346 0.97577
0.291772 -0.185899 0.152592 -0.0483181 -0.0327996 0.998293
0.287479 -0.251375 0.156768 -0.469559 -0.492633 0.732685
0.320365 -0.134609 0.154744 0.991897 0.00552774 0.126921
0.362271 -0.0373853 0.182753 0.786992 -0.209416 -0.580336
0.320895 0.0697604 0.220325 -0.462296 -0.549669 0.695806
0.387575 0.0538387 0.225144 0.444134 -0.410197 0.796545
0.223948 0.109071 0.173161 -0.47564 -0.487885 0.731939
0.151548 0.137503 0.164785 -0.224751 -0.53521 0.814271
0.0602013 0.182046 0.18117 0.091635 -0.644818 0.758823
-0.00137656 0.0840545 0.136587 -0.255717 -0.243412 0.935606
0.0367405 0.195775 0.203996 -0.700522 -0.334005 0.630642
0.288288 0.280494 0.343042 -0.229431 -0.639579 0.733689
0.394261 0.225223 0.337495 0.836352 0.405008 -0.369437
0.18678 0.310879 0.321907 -0.43394 -0.66202 0.611085
0.141214 0.317352 0.318904 0.330324 -0.77016 0.545655
0.081289 0.302849 0.339919 0.157691 -0.817583 0.553798
0.0588624 0.3027 0.358337 -0.739527 -0.545888 0.393836
0.0719389 0.330678 0.373571 -0.390141 -0.542556 0.743925
0.127157 0.427721 0.477783 -0.635027 -0.325913 0.700372
0.146843 0.367009 0.415443 0.208187 -0.845686 0.4914
0.419924 0.598151 0.639323 0.877303 0.44093 -0.189525
0.288645 0.357018 0.428771 -0.0676763 -0.797307 0.599767
-0.0261336 0.123215 0.102507 -0.835963 0.348901 -0.423598
0.0183274 0.235084 0.156074 -0.892648 0.426775 -0.145058
0.039119 0.334736 0.319641 -0.797017 0.549193 -0.2513
0.0570654 0.373288 0.345047 -0.694605 0.696477 -0.180124
0.125581 0.455909 0.465585 -0.755783 0.653568 0.0405066
0.179625 0.501041 0.531614 -0.325596 0.811994 -0.484411
0.173096 0.482002 0.536107 -0.0597821 -0.547037 0.834971
0.317163 0.667185 0.645049 -0.424571 0.118633 0.897589
0.0419766 0.130571 0.0551466 -0.582849 0.515294 -0.628299
0.0837538 0.123235 0.049882 0.188783 0.436909 -0.879472
0.191637 0.107877 0.0700216 0.395122 0.342112 -0.852548
0.285356 0.057717 0.112853 0.606029 0.180091 -0.774787
0.312883 0.142945 0.163466 0.670422 0.377836 -0.638572
0.271393 0.326627 0.268161 0.580931 0.605341 -0.544134
0.426923 0.28826 0.421215 0.928486 0.156452 -0.336802
0.254173 0.351855 0.306211 0.511667 0.580875 -0.633072
0.291239 0.436639 0.432457 0.415473 0.648605 -0.637725
0.261492 0.486107 0.480218 0.055613 0.751082 -0.657863
0.153849 0.442341 0.415212 -0.256033 0.866159 -0.429204
0.170178 0.430445 0.377704 0.0203321 0.785098 -0.619038
0.145037 0.37663 0.281521 -0.0930536 0.886501 -0.453274
0.185696 0.353816 0.260668 0.226067 0.76768 -0.599635
0.208972 0.206166 0.133009 0.365389 0.497539 -0.786731
0.11716 0.244787 0.123488 0.412904 0.49495 -0.764549
0.0786362 0.233041 0.112108 -0.354761 0.617941 -0.701636
0.103509 0.31576 0.189725 -0.198606 0.85321 -0.482275
0.256159 0.423894 0.510076 -0.21774 -0.60577 0.765266
0.452821 0.466262 0.591173 0.834865 -0.379797 0.398441
0.15599 -0.368733 0.0863983 0.41546 0.877461 -0.2397
0.112905 -0.314917 0.0988096 -0.625872 -0.779883 -0.0080896
0.0999894 -0.308474 0.100277 0.759008 -0.114931 -0.640857
0.202197 -0.393353 0.0733956 0.354104 0.909819 -0.216425
0.19584 -0.382934 0.0932014 -0.341501 -0.933899 0.105876
0.223675 -0.392716 0.0872194 0.672313 0.683481 -0.284339
0.250227 -0.425173 0.101479 0.857591 0.152114 -0.491324
0.0797957 -0.310282 0.109529 -0.00941492 -0.543129 -0.839597
0.139444 -0.377186 0.0618505 -0.244148 0.249245 -0.93716
0.195383 -0.398219 0.0561579 0.184815 0.353047 -0.91717
0.236133 -0.415989 0.0729175 0.717766 0.388406 -0.577887
0.0731387 -0.333228 0.111704 0.532827 -0.619216 -0.576772
0.124826 -0.396784 0.0808258 -0.599338 -0.480426 -0.640301
0.174727 -0.408854 0.0788884 -0.00603815 -0.741223 -0.671232
0.222551 -0.423883 0.0835176 -0.179693 -0.695387 -0.695807
0.0149067 -0.0259555 0.121381 0.180665 -0.0127772 0.983462
-0.0411434 -0.0591613 0.147549 0.283152 0.101526 0.953686
-0.0110957 -0.0655155 0.142062 -0.00466082 0.414891 0.909859
-0.0578659 -0.29177 0.00860261 -0.353019 -0.924403 -0.144418
-0.0283907 -0.304896 0.0432708 -0.391295 -0.915339 -0.0950981
-0.0619633 -0.297343 0.0438691 -0.466956 -0.880024 0.0866623
0.0727208 -0.314346 0.0599261 0.801917 -0.592997 0.0726917
0.0905787 -0.322119 -0.00498562 0.479845 -0.875616 0.055189
0.0845753 -0.304143 0.0571208 0.22058 -0.971884 0.0823722
0.09356 -0.308821 0.0700667 0.227039 -0.973339 -0.0326237
0.0907346 -0.317736 0.0924499 -0.159422 -0.687023 -0.708932
0.343511 -0.418188 0.119333 -0.225551 -0.889329 0.39777
0.395246 -0.433797 0.105105 0.0365948 -0.983729 0.17589
0.395844 -0.422371 0.140682 -0.0861493 -0.890893 0.445968
0.397555 -0.415967 0.137451 0.767992 0.128277 0.627482
0.372211 -0.412186 0.143772 -0.262984 -0.776205 0.573014
0.335522 -0.314954 0.0982694 0.539014 0.534923 0.650631
0.357369 -0.30836 0.0868492 0.15744 0.967593 0.197426
0.342474 -0.313972 0.0879918 -0.036131 0.945431 0.323813
0.342885 -0.304288 0.0585648 -0.133773 0.983162 0.124487
0.332182 -0.304354 0.0712657 0.0135612 0.976167 0.216598
0.359964 -0.346674 0.080492 0.577893 -0.589315 0.564578
0.35841 -0.326018 0.092424 0.219699 -0.299856 0.928342
0.344075 -0.329201 0.0900866 0.267688 -0.277774 0.922597
0.338421 -0.3274 0.0985946 0.718298 0.188646 0.669672
0.280698 -0.311648 0.120333 0.38759 0.838521 0.382958
0.304813 -0.305054 0.0961712 0.647362 0.56272 0.51407
0.271189 -0.295427 0.122644 0.614278 0.198717 0.763659
0.415176 -0.307833 0.043567 0.892638 0.271613 0.359755
0.388979 -0.292663 0.00142294 0.0314784 0.995654 0.0876523
0.375636 -0.303183 0.0318573 -0.00894435 0.989408 0.144886
0.362699 -0.299219 0.0412656 0.0589012 0.997968 0.0242927
0.370912 -0.309496 0.0613897 0.107717 0.973764 0.200449
0.141968 0.0499958 0.00849744 0.30707 0.480037 0.821749
0.0877887 0.0788727 0.00392141 0.216871 0.975715 0.0307822
0.0953098 0.0667125 0.0101971 0.144726 0.707463 0.691774
0.0435194 0.0754252 0.0104229 0.122075 0.899774 0.418932
0.0726235 0.0720923 0.0137085 0.110851 0.956065 -0.271388
-0.153319 0.0857785 -0.00320981 0.571353 -0.467566 0.674491
-0.158155 0.0961803 0.00463128 0.500553 -0.217208 0.838014
-0.159045 0.0797124 -9.59402e-05 0.679872 0.730159 0.0681327
-0.0315687 0.0732114 0.00439401 0.0757766 0.917747 0.38987
-0.0813229 0.0820704 0.00257213 -0.0661641 0.996939 -0.0416501
-0.0794394 0.0868464 0.0174888 0.0639886 0.97581 0.209044
-0.301392 -0.066272 0.0232126 -0.902407 -0.317742 0.291036
-0.291648 -0.0605437 0.0435335 -0.899611 -0.187633 0.394327
-0.303283 -0.0331194 0.0186222 -0.870414 -0.264051 0.415519
-0.208152 0.0779349 0.0651285 0.0835113 0.49071 0.867312
-0.204282 0.0875003 0.0629933 0.106575 0.0861677 0.990564
-0.229213 0.0676766 0.066292 -0.031445 0.497199 0.867067
-0.223056 0.00126647 0.100548 -0.178602 0.366494 0.913117
-0.216071 0.0321379 0.086409 -0.0445736 0.367787 0.928841
-0.237937 0.0320382 0.0831426 -0.126861 0.288486 0.949043
-0.241651 0.0488967 0.0826556 -0.406137 0.51684 0.753611
-0.272786 0.0260298 0.0821182 -0.636191 0.345772 0.689712
-0.0847368 -0.0395262 0.150478 -0.0668435 0.379423 0.922806
-0.0496233 0.0382883 0.123054 -0.396824 0.414516 0.818967
-0.0715558 0.0117179 0.119981 -0.368897 0.600076 0.709805
-0.118175 -0.255369 0.00549341 -0.70445 -0.704961 0.0823373
-0.0758176 -0.282056 0.0531773 -0.618144 -0.69595 0.365447
-0.068015 -0.270129 0.0751859 -0.613917 -0.58767 0.52702
-0.108219 -0.26012 0.0340625 -0.669262 -0.650445 0.359179
0.0936894 -0.0729887 0.128347 0.699766 0.459693 0.546818
0.1062 -0.0660191 0.114148 0.00697777 0.151701 0.988402
0.0803255 -0.0398972 0.126712 0.436849 0.563881 0.700857
0.179477 -0.279333 0.135247 0.114063 -0.387563 0.914759
0.2136 -0.280254 0.141089 -0.0556722 -0.237576 0.969772
0.193771 -0.265451 0.151674 0.192111 -0.290286 0.937458
0.0423722 -0.111865 0.154591 0.11467 0.109219 0.987381
0.0774927 -0.174458 0.162588 0.124392 0.168032 0.977902
0.0942523 -0.142666 0.160913 0.12144 0.149318 0.981303
0.147362 -0.186594 0.156789 0.340295 0.167368 0.925304
0.11693 -0.121313 0.14601 0.404318 0.373609 0.834831
0.0701162 -0.020519 -0.117794 0.232077 0.361198 -0.903148
0.0623399 -0.0380854 -0.128074 0.19152 0.409285 -0.89208
0.318162 -0.431016 -0.035423 -0.50407 -0.863473 0.0181128
0.310193 -0.418992 -2.30998e-05 -0.625196 -0.774493 0.0963822
0.300677 -0.416669 -0.0569772 -0.59866 -0.798614 0.0618145
0.283363 -0.40572 -0.0498605 -0.788593 -0.614778 0.0130135
0.310713 -0.422125 -0.080247 -0.574215 -0.798966 -0.178691
0.0741141 -0.319902 -0.0643407 -0.0627743 -0.997853 -0.0186718
0.0736282 -0.323815 0.00464034 0.564829 -0.822913 -0.0614935
0.0670499 -0.313213 -0.0662968 0.887568 -0.460561 0.0103161
0.0696343 -0.330332 -0.0701061 0.937148 0.345264 0.0504628
0.0748616 -0.322264 -0.103396 0.804042 -0.194836 0.561743
0.369877 -0.446869 -0.0511127 -0.17772 -0.973234 -0.14571
0.350822 -0.444447 -0.0025023 -0.265472 -0.96409 -0.00744028
0.335512 -0.428462 -0.044427 -0.346931 -0.927012 -0.142432
0.325455 -0.430897 -0.0328978 -0.237897 -0.964342 -0.11597
0.333613 -0.427928 -0.0834845 -0.201842 -0.975278 -0.0899602
0.392524 -0.332574 -0.0375499 0.781853 -0.58728 -0.209303
0.377354 -0.343368 -0.049491 0.525233 -0.80489 -0.276192
0.3918 -0.321714 -0.0828271 0.620103 -0.595336 -0.510928
0.338935 -0.301519 -0.00706023 0.0492905 0.995489 -0.0810679
0.341796 -0.303426 -0.0297174 0.236874 0.965512 -0.108059
0.343392 -0.296856 -0.0291828 0.901524 0.420368 -0.10269
0.257851 -0.248455 -0.110243 0.195989 0.190288 -0.961966
0.272753 -0.264841 -0.112567 0.388572 0.377478 -0.840549
0.262418 -0.26047 -0.10962 0.288502 0.381974 -0.877988
0.306762 -0.270978 -0.0761715 0.841409 0.396909 -0.366733
0.277197 -0.266579 -0.114717 0.711707 0.307948 -0.63138
0.300258 -0.248706 -0.0810994 0.843769 0.357547 -0.400268
0.34607 -0.29837 -0.00284156 0.568087 0.816087 0.106205
0.354492 -0.30147 -0.0312506 -0.0716874 0.995755 -0.0577254
0.175691 0.0348766 -0.000774852 0.658849 0.74177 0.12528
0.188614 0.017643 -0.00423181 0.602053 0.684855 -0.410494
0.143195 0.045199 -0.00552947 0.388155 0.921488 0.0139721
0.000576411 0.0810944 -0.000916854 0.013087 0.928493 -0.371119
0.0304895 0.0783324 -0.00627501 0.113042 0.810134 -0.575243
-0.00242787 0.074887 -0.0144542 0.0605552 0.951232 -0.302474
-0.14015 0.0705883 0.00180711 0.203551 0.947188 -0.247792
-0.128587 0.0688549 -0.00341259 -0.362236 0.861139 0.356685
-0.130955 0.0829027 -0.00585284 -0.367592 0.69828 0.614232
-0.252331 -0.0287426 -0.0816339 -0.369362 0.0911766 -0.924802
-0.203186 -0.0406328 -0.107297 -0.593818 -0.157221 -0.789089
-0.217373 -0.0715188 -0.102633 -0.41896 -0.0564068 -0.906251
-0.161148 -0.129259 -0.122708 -0.421126 -0.229317 -0.877534
-0.230759 -0.0994289 -0.086638 -0.540709 -0.306806 -0.783265
-0.195807 0.0617948 -0.0724427 0.246413 0.633581 -0.733386
-0.163665 0.0546269 -0.0610413 0.0885762 0.830541 -0.549868
-0.186243 0.0482853 -0.0731174 0.139856 0.540659 -0.829535
-0.0942427 0.00215355 -0.127876 -0.116694 0.527573 -0.841456
-0.162019 -0.0221988 -0.135372 -0.167477 0.44036 -0.882062
-0.107687 0.0249472 -0.1079 -0.120907 0.658709 -0.74262
0.222794 -0.340534 -0.13585 -0.341378 0.188698 -0.92079
0.224008 -0.308443 -0.136218 -0.277722 0.150153 -0.948854
0.230704 -0.330387 -0.14753 -0.321513 0.149894 -0.934966
0.233561 -0.36058 -0.144538 0.256974 -0.496065 -0.829388
0.229173 -0.376893 -0.115996 0.553692 -0.819351 -0.148626
0.216796 -0.38027 -0.13084 0.700231 -0.31335 -0.641474
0.0592517 -0.270282 -0.145962 -0.232507 -0.474293 -0.849109
0.0875062 -0.293558 -0.135923 -0.238596 -0.385348 -0.891392
0.0506902 -0.292038 -0.121922 -0.322985 -0.508062 -0.798469
-0.102944 -0.112235 -0.151758 -0.282363 -0.334544 -0.899084
-0.0677535 -0.131111 -0.161895 -0.39024 -0.309441 -0.867156
-0.109867 -0.120179 -0.137239 -0.368609 -0.363232 -0.855681
0.117501 -0.256286 -0.159523 0.00879566 -0.292348 -0.956271
0.066167 -0.241756 -0.156876 -0.216681 -0.450472 -0.866097
0.0116056 -0.234936 -0.145978 -0.318913 -0.527167 -0.787648
0.0702165 -0.235657 -0.167179 -0.0821355 -0.360335 -0.9292
0.194386 -0.193658 -0.136259 0.381235 0.00403253 -0.924469
0.226669 -0.223845 -0.117989 0.430842 0.0868974 -0.898234
0.196578 -0.203066 -0.139345 0.445522 0.0787953 -0.891797
0.184344 -0.233214 -0.142945 0.437435 0.0909382 -0.89464
0.145734 -0.180701 -0.155779 0.374456 0.129259 -0.918191
-0.0247476 -0.147869 -0.171991 -0.167524 -0.0901633 -0.981736
-0.0118903 -0.139703 -0.161682 0.0643725 0.218771 -0.973651
0.0325774 -0.175704 -0.176009 -0.0207904 0.00700699 -0.999759
0.223952 -0.256199 -0.12533 0.463771 0.162678 -0.870891
0.242298 -0.251217 -0.120169 0.256988 0.127464 -0.957972
0.240391 -0.264941 -0.119267 0.297687 0.326618 -0.897053
0.216674 -0.288294 -0.134371 0.100243 0.0768831 -0.991988
0.185983 -0.281238 -0.134866 0.276664 0.0143765 -0.960859
0.186481 -0.264777 -0.141458 0.214095 -0.166676 -0.962488
-0.123179 -0.146572 -0.127965 -0.34479 -0.281832 -0.895372
0.1086 -0.290606 -0.14557 -0.063763 -0.320541 -0.945086
0.172564 -0.289083 -0.14915 0.0960761 -0.206454 -0.973728
0.161653 -0.312325 -0.134697 -0.00271513 -0.36251 -0.931976
-0.190443 -0.0386541 -0.123153 -0.524258 -0.00226194 -0.851557
-0.148854 -0.0878152 -0.153186 -0.453291 -0.216365 -0.864704
-0.23393 0.0522218 -0.0705352 -0.140197 0.493768 -0.858218
-0.216326 0.0309113 -0.0916326 0.0647646 0.647226 -0.759542
-0.239635 0.0319869 -0.0915445 -0.148076 0.59638 -0.788926
-0.223812 0.0127345 -0.103905 -0.421485 0.126207 -0.89801
-0.258922 0.0246774 -0.0867586 -0.456369 0.045582 -0.888622
-0.268725 0.0657909 -0.056485 -0.404269 0.340315 -0.848971
-0.275698 0.0485283 -0.0674621 -0.629379 0.342765 -0.69742
-0.284428 0.0736782 -0.0489915 -0.735492 0.228324 -0.637902
-0.295657 -0.0333037 -0.0661847 -0.571334 -0.0587086 -0.818615
-0.276597 -0.00593211 -0.0759531 -0.425884 0.00700321 -0.904751
-0.0886551 0.0791944 -0.0150078 0.0513092 0.99523 -0.0829703
-0.0486937 0.0734983 -0.0229659 0.0571423 0.98858 -0.139443
-0.099517 0.0824887 -0.0251833 -0.048366 0.93377 -0.354591
-0.147619 0.0940078 -0.00642691 0.642861 -0.0330952 -0.765268
-0.153021 0.0791839 -0.00535096 0.41088 -0.139953 -0.900883
0.085079 0.0654872 -0.00608721 0.202628 0.937722 -0.282169
0.312398 -0.238437 -0.00769714 0.910558 0.413334 -0.00617133
0.320999 -0.259455 -0.0299166 0.892439 0.29645 -0.340103
0.303593 -0.226599 -0.0316058 0.837066 0.439949 -0.325217
0.297379 -0.233441 -0.055855 0.875351 0.418613 -0.241919
0.287886 -0.204273 -0.0224736 0.798017 0.530829 -0.285288
0.273226 -0.289235 -0.12843 0.599638 0.221978 -0.768869
0.270074 -0.275487 -0.122692 0.413764 0.126321 -0.901578
0.312209 -0.342472 -0.164429 0.404262 0.733393 -0.546541
0.272142 -0.332478 -0.165204 -0.0581333 0.562852 -0.824511
0.27892 -0.314746 -0.141194 0.311748 0.800971 -0.511135
0.342264 -0.340694 -0.101645 0.686828 0.598968 -0.41171
0.358534 -0.367555 -0.115029 0.653219 0.752571 -0.0833167
0.329024 -0.338362 -0.109804 0.615471 0.754676 -0.227289
0.285469 -0.351936 -0.168107 -0.527 -0.544649 -0.652402
0.259279 -0.33685 -0.153205 -0.520316 -0.155629 -0.839673
0.251009 -0.237626 -0.112158 -0.358434 -0.51479 -0.778791
0.241668 -0.23116 -0.115768 0.310267 0.142134 -0.939964
0.135248 -0.333379 -0.0113045 -0.749136 -0.662206 0.0166968
0.140637 -0.3484 -0.0697431 -0.717344 -0.69586 0.0345957
0.119427 -0.318883 -0.0617424 -0.683536 -0.729284 -0.0303861
0.134672 -0.338538 -0.109767 -0.727723 -0.672729 -0.13362
0.0642685 -0.0665468 -0.141242 0.165055 0.299714 -0.939643
-0.00253623 -0.0547593 -0.146526 0.171397 0.326178 -0.92964
0.040255 -0.0563476 -0.136199 0.126967 0.456078 -0.880836
0.011441 -0.0944459 -0.158787 0.11975 0.225168 -0.966933
0.0494761 -0.0695189 0.14751 -0.0569417 0.630768 0.77388
0.00393043 -0.087256 0.156348 -0.119696 0.545471 0.829538
0.0100825 -0.0919463 0.164791 0.0416911 0.233885 0.97137
0.0831187 -0.247009 0.154374 -0.180096 -0.292237 0.939235
0.0154348 -0.227133 0.155669 -0.251292 -0.390742 0.885535
0.052146 -0.267629 0.142611 -0.297705 -0.437622 0.848445
-0.105254 -0.221672 0.085656 -0.550052 -0.624684 0.554268
-0.0492012 -0.266498 0.0966869 -0.486457 -0.569046 0.662983
0.159664 -0.28923 0.146026 0.203901 -0.0956059 0.974312
0.120645 -0.298546 0.147251 -0.0222429 -0.290116 0.956733
0.154512 -0.30993 0.144423 0.0599673 -0.211605 0.975514
0.233396 -0.368874 0.109471 0.259794 -0.827343 0.498007
0.235282 -0.337455 0.138731 -0.295911 -0.367652 0.881628
0.220048 -0.357311 0.125481 0.254511 -0.262427 0.930783
-0.127928 0.0371426 0.101046 -0.177228 0.543734 0.820331
-0.100193 0.0581122 0.0844408 -0.141904 0.862652 0.485484
-0.170216 0.0411973 0.080763 -0.134033 0.666632 0.733238
-0.195127 0.0515641 0.080877 0.131644 0.462556 0.876762
-0.195775 -0.181438 0.0294156 -0.610517 -0.7624 0.214514
-0.244933 -0.132881 0.0491258 -0.667536 -0.607172 0.430972
-0.252657 -0.13782 0.0251765 -0.673215 -0.690245 0.265223
-0.27623 -0.0713909 0.0661158 -0.672218 -0.391529 0.628354
-0.293674 -0.0360744 0.0565872 -0.822759 -0.158479 0.54585
-0.279868 -0.0348693 0.0681885 -0.533732 -0.0719848 0.842584
-0.294847 -0.0287908 0.0519354 -0.809641 -0.457142 0.368106
-0.162047 0.0876699 0.0275514 0.598331 0.795926 -0.092204
-0.183526 0.0962339 0.043856 0.64211 -0.0659596 0.76377
-0.17327 0.084207 0.0390476 0.723786 0.378698 0.57682
-0.181588 0.0760659 0.0599214 0.525649 0.439002 0.728677
-0.16848 0.0665734 0.0431582 0.612711 0.597372 0.517428
0.0082774 0.0878857 0.00303625 0.00780183 0.999922 -0.00977766
0.00768345 0.079857 0.00284287 -0.000457117 0.520748 0.85371
0.34514 -0.303491 0.0282051 0.37549 0.92599 0.0393581
0.269284 -0.275531 0.116749 0.0287034 0.735128 0.677321
0.275371 -0.250924 0.0895497 -0.0916174 0.712915 0.69524
0.265914 -0.257931 0.103902 0.73049 0.297602 0.614669
0.378594 -0.325669 0.0794676 0.661025 -0.668516 0.340781
0.370956 -0.314353 0.0909812 0.201599 0.59447 0.778436
0.369621 -0.351369 0.0408891 0.865515 -0.442994 0.233751
0.381484 -0.338891 0.0202916 0.654388 -0.69942 0.287381
0.297285 -0.385314 0.141112 -0.368647 -0.793949 0.483471
0.335322 -0.388706 0.161707 -0.305361 -0.780716 0.545194
0.344095 -0.383811 0.171949 0.230979 -0.0769099 0.969914
0.286106 -0.360935 0.166394 -0.419294 -0.491361 0.763386
0.263244 -0.23677 0.123974 -0.647671 -0.621508 0.440738
0.243803 -0.207706 0.126268 -0.499013 -0.432977 0.750678
0.2499 -0.239187 0.115118 -0.294822 -0.560733 0.77373
0.160155 -0.363878 0.0641048 -0.722313 -0.687814 0.0719447
0.183045 -0.379594 0.00353403 -0.351995 -0.935847 -0.0170403
0.173241 -0.381475 0.0689429 -0.467105 -0.884028 -0.0175392
0.184881 -0.38147 0.0600542 -0.356314 -0.933345 -0.0436608
0.18384 -0.38164 0.101791 -0.638369 -0.768082 0.0503535
0.0526264 -0.0551043 0.141645 -0.00307939 0.556974 0.830524
0.0719122 -0.0393515 0.128813 0.0477556 0.536537 0.842524
0.0647395 -0.0299422 0.111867 0.174609 0.535445 0.826323
0.311119 -0.418459 0.0419552 -0.824789 -0.564258 -0.0365508
0.328836 -0.430176 0.00254005 -0.773364 -0.632732 -0.039463
0.319121 -0.435356 0.0333637 -0.409527 -0.899107 0.154579
0.104673 -0.310529 0.00465533 0.0243184 -0.99779 0.0618339
0.0975997 -0.305025 0.070912 -0.0313382 -0.999442 0.0115657
0.107483 -0.309041 0.0632691 -0.60933 -0.792915 -0.00130441
0.111757 -0.310823 0.111781 -0.388046 -0.823932 -0.412984
0.41277 -0.444051 0.00253401 0.232081 -0.970353 0.067484
0.433539 -0.42772 0.0674818 0.611333 -0.759118 0.223633
0.404608 -0.428783 0.0599882 0.126872 -0.98449 0.121177
0.254951 -0.353473 0.143539 -0.587134 -0.642199 0.492802
0.251418 -0.33658 0.15143 -0.585529 -0.126544 0.800714
0.237387 -0.333014 0.143972 -0.473796 -0.164535 0.865128
0.440416 -0.412947 0.0188607 0.694228 0.715531 0.0778645
0.419143 -0.41754 0.0718325 0.655355 0.745939 0.118683
0.401961 -0.398098 0.0540237 0.662262 0.748817 -0.0261291
0.414982 -0.404043 0.103811 0.8318 0.540643 0.125758
0.371567 -0.387958 0.135922 0.628935 0.709246 0.318451
0.335572 -0.345346 0.136195 0.772575 0.634807 0.0121646
0.346125 -0.366519 0.157901 0.635786 0.6076 0.476023
0.264914 -0.246623 0.102366 0.838603 0.181959 0.513455
0.259524 -0.255609 0.113531 0.635038 0.230067 0.737425
0.286668 -0.27334 0.108395 0.722 0.102045 0.684326
0.304313 -0.271225 0.077624 0.892796 0.154932 0.422979
0.302045 -0.249196 0.0858619 0.830154 0.433508 0.350593
0.240818 -0.124416 0.0141388 0.858768 0.37922 0.344543
0.236882 -0.0577548 0.000335242 0.891962 0.299411 0.338758
0.228519 -0.0710119 0.0111682 0.922047 0.322986 0.21333
0.0113434 0.0769661 0.0318357 -0.409386 0.745571 -0.525858
0.0450037 0.0722778 0.0260275 -0.0840829 0.667024 -0.740277
0.0074103 0.0790228 0.0233307 0.0513126 0.996429 0.0670474
-0.0452233 0.0646449 0.0669596 -0.0323978 0.944167 0.327871
-0.0468935 0.0619384 0.0763948 0.0769882 0.917908 0.389254
-0.0556945 0.0464993 0.0903669 0.108996 0.528781 0.841731
-0.142419 0.0776165 0.00740474 0.135302 0.988726 -0.0641496
-0.14953 0.0775878 0.00753871 0.489244 0.848226 0.202864
-0.143213 0.0779112 0.00725191 0.150794 0.970045 0.190455
-0.168541 -0.114179 0.121018 -0.45785 -0.240258 0.855949
-0.19409 -0.0587482 0.112676 -0.40454 -0.060775 0.912499
-0.230761 -0.0503006 0.109069 -0.457674 -0.163867 0.873889
-0.260213 -0.0369163 0.0829286 -0.641929 -0.0770721 0.762881
-0.234997 -0.0886697 0.090366 -0.566958 -0.386487 0.727452
-0.169198 0.0639205 0.0622797 0.266874 0.755593 0.598212
-0.196116 0.0657508 0.0709061 0.191268 0.555146 0.809463
-0.168134 -0.0185073 0.117886 -0.204218 0.426341 0.881209
-0.0972139 0.00513544 0.122859 -0.110922 0.457974 0.882018
0.230434 -0.297209 0.138686 -0.152412 -0.0740162 0.985542
-0.162463 -0.217782 -0.00646389 -0.613429 -0.789115 0.0316561
-0.158109 -0.212729 0.0246001 -0.612521 -0.732882 0.296145
-0.159242 -0.201926 0.0592387 -0.534016 -0.764724 0.360589
-0.126491 -0.150209 0.136199 -0.460865 -0.376228 0.803776
-0.142538 -0.163278 0.11184 -0.509934 -0.501243 0.699087
0.126102 -0.259093 0.161747 -0.00084779 -0.343684 0.939085
0.07687 -0.222614 0.166992 -0.267689 -0.385151 0.883177
0.233844 -0.286562 0.143234 0.113521 0.50377 0.856346
0.127229 -0.226683 0.164494 0.234726 0.197861 0.951711
0.0694959 -0.198495 0.172237 0.0380669 0.0585104 0.997561
0.0130674 -0.174008 0.163921 -0.182879 -0.209364 0.960584
-0.0187214 -0.306249 -0.0403309 -0.4548 -0.889455 -0.0450156
-0.0639609 -0.277898 -0.0326044 -0.486681 -0.839256 -0.242468
0.0980892 -0.307869 -0.0599537 0.374906 -0.925279 0.0574877
0.0871838 -0.310096 -0.0720971 0.327456 -0.944017 0.0400681
0.0952122 -0.32328 -0.107842 -0.125557 -0.784166 0.607717
0.400178 -0.409304 -0.144999 0.826777 0.110588 -0.551552
0.388171 -0.432394 -0.110203 0.147391 -0.934764 -0.323254
0.379005 -0.418406 -0.128628 -0.0278019 -0.884243 -0.466198
0.350011 -0.422842 -0.118233 -0.152774 -0.915924 -0.371138
0.358704 -0.409881 -0.151551 -0.167119 -0.814022 -0.556272
0.346796 -0.305581 -0.0688633 -0.318736 0.947528 -0.0244544
0.347697 -0.302598 -0.0930512 -0.241811 0.958786 -0.149184
0.347331 -0.304592 -0.088396 -0.428801 0.775667 -0.463109
0.339105 -0.321211 -0.0887258 -0.0298575 -0.227144 -0.973403
0.326093 -0.31477 -0.0998573 0.287396 0.544686 -0.787858
0.337565 -0.329837 -0.0972478 0.676248 0.409454 -0.612402
0.365759 -0.362762 -0.0854123 0.738792 0.629606 -0.240381
0.326257 -0.337281 -0.132724 0.633306 0.750876 -0.187374
0.304502 -0.321509 -0.123609 0.583644 0.761237 -0.282626
0.28928 -0.238815 -0.0819294 0.710575 0.546272 -0.443475
0.24668 -0.105321 -0.00354356 0.848212 0.290978 -0.442569
0.281553 -0.152317 0.00794627 0.877106 0.46359 -0.125576
0.262364 -0.155742 -0.0113931 0.797755 0.391546 -0.458561
0.259859 -0.161096 -0.0297447 0.923341 0.38031 0.0529747
-0.16624 0.0976296 -0.0196835 0.998213 0.0564722 -0.019557
-0.154484 0.0859058 -0.00414234 0.834494 0.399344 -0.379664
-0.162766 0.0821278 -0.0267931 0.872833 -0.176358 -0.455038
-0.159316 0.0751425 -0.0155537 -0.382294 0.869716 -0.312164
-0.178778 0.0798953 -0.0260383 0.958561 -0.0680804 -0.276634
-0.0933934 0.0625781 -0.0434014 -0.0777072 0.952 -0.296071
-0.125667 0.0752278 -0.0274713 -0.0954289 0.893881 -0.438031
-0.284483 -0.0656481 -0.0576987 -0.748822 -0.457578 -0.479466
-0.242912 -0.1183 -0.0708614 -0.659183 -0.361963 -0.659136
-0.215004 0.078393 -0.0638544 0.310447 0.480481 -0.82022
-0.233651 0.072319 -0.0664372 -0.0715586 0.380224 -0.922122
-0.303346 0.000166874 -0.0519922 -0.802193 0.107143 -0.587373
-0.298113 -0.0219259 -0.0590071 -0.836252 -0.235524 -0.495188
-0.309448 -0.00511534 -0.0408407 -0.878319 0.0508314 -0.475365
-0.0586282 0.0394896 -0.110086 -0.195875 0.515697 -0.83408
-0.069874 -0.0260187 -0.144147 -0.138983 0.500728 -0.854374
-0.0864093 -0.0131467 -0.136513 -0.0787727 0.446626 -0.891246
0.182308 -0.371568 -0.136882 -0.177636 0.335129 -0.925275
0.193952 -0.335436 -0.131496 -0.113858 -0.0521097 -0.992129
0.125633 -0.3383 -0.126489 0.0156186 -0.150261 -0.988523
-0.0948558 -0.174955 -0.134658 -0.386353 -0.304006 -0.870811
-0.1474 -0.159789 -0.110862 -0.423406 -0.411936 -0.806868
-0.0559987 -0.226469 -0.120323 -0.430102 -0.526527 -0.733336
-0.0512995 -0.198959 -0.141865 -0.363853 -0.430594 -0.825954
-0.0329868 -0.166712 -0.157033 -0.374168 -0.314873 -0.872269
0.182173 -0.250715 -0.14973 0.287698 -0.0987327 -0.952618
0.0790672 -0.185464 -0.169469 0.21156 0.239148 -0.947655
0.0579112 -0.107107 -0.152038 0.206836 0.262055 -0.942627
0.0954191 -0.137123 -0.15354 0.149578 0.237489 -0.959805
0.0346443 -0.109388 -0.157719 0.0754914 0.251243 -0.964976
0.251293 -0.275886 -0.128948 0.0904933 0.636291 -0.766123
0.250391 -0.278755 -0.138819 0.112694 0.544442 -0.831194
0.23391 -0.291408 -0.134752 -0.192152 0.336594 -0.921836
-0.121608 -0.215024 -0.0876415 -0.497144 -0.72882 -0.470817
-0.14981 -0.204846 -0.0624248 -0.547171 -0.745545 -0.380481
-0.162117 -0.184894 -0.0918194 -0.519723 -0.626295 -0.581071
-0.193635 -0.153698 -0.0903433 -0.540411 -0.559036 -0.628836
0.10283 -0.289378 -0.140422 -0.402214 -0.0998957 -0.91008
-0.30651 -0.0420395 -0.0192562 -0.86283 -0.29956 -0.407171
-0.318792 -0.00853237 -0.00295412 -0.98995 -0.0482034 -0.132951
-0.311944 0.00914651 -0.0319255 -0.964279 -0.136645 -0.226924
-0.317219 0.029091 -0.0223749 -0.798089 0.332793 -0.502298
-0.279225 0.102916 -0.0334191 -0.853616 0.459938 -0.244534
-0.292015 0.0675175 -0.0381509 -0.732362 0.292108 -0.615076
-0.306954 0.0254538 -0.0420046 -0.715483 0.254028 -0.65081
-0.29855 0.0696299 -0.0292959 -0.886624 0.330807 -0.32321
-0.285506 -0.0538906 -0.0551628 -0.832063 -0.377225 -0.406661
-0.295621 -0.0650715 -0.0409224 -0.920849 -0.326676 -0.212883
-0.108221 0.0814696 -0.00530048 0.0412607 0.99902 -0.0159966
-0.14067 0.0844005 -0.00982388 -0.197152 0.978361 -0.0627702
-0.0317175 0.0658519 -0.0739622 0.135444 0.878596 -0.457957
-0.0247434 0.0631153 -0.0565837 -0.639712 0.700003 0.317433
-0.0339189 0.0480898 -0.0982949 -0.571453 0.796943 -0.195766
0.230202 -0.0689017 -0.0232423 0.902366 0.291422 0.317503
0.229909 -0.0548339 -0.00809916 0.787365 0.338183 -0.515449
0.377401 -0.296762 -0.0786734 -0.0152545 0.99663 -0.080601
0.370904 -0.302744 -0.104046 0.32209 0.465853 -0.82416
0.290299 -0.305473 -0.119061 0.545138 0.609078 -0.576063
0.333285 -0.295134 -0.0455862 0.435036 0.893654 -0.110121
0.341335 -0.297582 -0.00722678 -0.228456 0.969062 0.0934216
0.330219 -0.291672 -0.0521511 0.775497 0.58672 -0.233161
0.329591 -0.304678 -0.0778352 0.555304 0.688025 -0.467181
0.340984 -0.376027 -0.177329 0.38269 0.0893223 -0.919549
0.320436 -0.384752 -0.167457 -0.398216 -0.736337 -0.547021
0.302927 -0.387754 -0.141515 -0.401087 -0.773314 -0.491034
0.0488921 -0.331545 -0.0768277 -0.301388 -0.953473 0.00734795
0.0201533 -0.319482 0.00454198 -0.426859 -0.899314 -0.095006
0.0167769 -0.324452 -0.0568434 -0.359034 -0.932902 0.028095
0.0224903 -0.321312 -0.0909127 -0.510133 -0.826995 -0.236313
0.262544 -0.373259 -0.0792014 0.00513497 -0.999805 0.0190779
0.235908 -0.373611 -0.000581585 0.678422 -0.726769 0.107475
0.233794 -0.377484 -0.0785121 0.347917 -0.936876 -0.034881
0.212508 -0.385405 -0.0829358 0.23457 -0.972048 -0.00994047
-0.0183965 -0.124924 0.16853 -0.0558283 0.0328053 0.997901
-0.0460894 -0.154881 0.158184 -0.0355704 -0.0273334 0.998993
0.217681 -0.251957 0.127727 0.429485 0.0950011 0.898063
0.189946 -0.227788 0.145236 0.460047 0.227392 0.858283
0.174444 -0.247884 0.15573 0.44053 0.178508 0.879811
-0.0957701 -0.17496 0.130987 -0.290203 -0.416827 0.861416
-0.0549775 -0.235329 0.116162 -0.368779 -0.484179 0.793456
-0.0381702 -0.206814 0.136922 -0.398587 -0.444693 0.802108
-0.0342657 -0.175003 0.162311 -0.357558 -0.369337 0.857754
-0.115452 -0.107256 0.155474 -0.295053 -0.173311 0.939631
-0.148975 -0.0782271 0.151155 -0.544276 -0.147742 0.825794
-0.114807 -0.126107 0.148409 -0.35696 -0.372842 0.856486
0.0474807 -0.314629 0.114049 -0.409486 -0.586511 0.698803
0.0812627 -0.303548 0.136819 -0.381467 -0.364489 0.849488
0.0446448 -0.298591 0.122952 -0.372737 -0.440079 0.816944
-0.186666 -0.03457 0.119261 -0.389528 0.190855 0.901023
-0.311038 0.00543717 0.0549054 -0.803038 -0.094642 0.588365
-0.320649 -0.00387621 0.0344968 -0.895007 -0.346274 0.28117
-0.262611 0.0811524 0.054819 -0.439052 0.190118 0.878116
-0.24079 0.0753486 0.0668204 -0.3814 0.367719 0.848125
-0.257967 0.0966538 0.046994 -0.2545 0.298404 0.919883
-0.269709 -0.00129622 0.0738321 -0.553399 -0.118995 0.824373
-0.0442772 0.0695985 0.0194873 0.0604031 0.99538 0.0746343
-0.0791442 0.0773201 0.0304732 -0.0290359 0.957789 0.286002
-0.122966 0.071616 0.0246958 -0.0847481 0.952909 0.291175
-0.0984873 0.0694728 0.0497893 -0.12514 0.962617 0.240227
-0.150878 0.0795258 0.0237173 0.0986859 0.95973 0.263019
-0.149429 0.0848776 0.000805506 0.388721 0.828679 0.402723
-0.171829 0.0770481 0.0129395 0.623291 0.687077 0.373408
-0.174855 0.0915836 0.027852 0.981122 -0.0902869 0.171019
0.295022 -0.200119 0.0206329 0.910684 0.381821 0.157691
0.27564 -0.171493 0.0328407 0.591346 0.560928 0.57937
0.259081 -0.166121 0.0317459 0.880029 0.340608 -0.330962
0.28958 -0.234464 0.0526435 0.843626 0.415325 0.340295
0.284268 -0.23642 0.0783898 0.792117 0.517962 0.322903
0.325147 -0.340161 0.110016 0.8145 0.524137 0.248737
0.313824 -0.319341 0.124736 0.552627 0.814886 0.174827
0.368415 -0.373467 0.116864 0.487441 0.828297 0.27627
0.368088 -0.36424 0.0816094 0.54264 0.837389 0.0657432
0.344268 -0.358893 0.102425 0.642051 0.693917 0.325959
0.270854 -0.330907 0.166089 -0.135611 0.450892 0.882217
0.237951 -0.229944 0.120597 0.193965 0.554012 0.809598
0.136226 -0.330037 0.0710363 -0.750076 -0.660696 0.0294471
0.139981 -0.335588 0.108236 -0.734218 -0.636811 -0.235362
0.0862965 -0.0493055 0.121046 0.523992 0.145097 0.839273
0.0951171 -0.0153093 0.114186 0.199233 0.333461 0.921472
0.248186 -0.376018 0.0846457 -0.225826 -0.971469 -0.0724587
0.275712 -0.374842 -0.000538176 -0.664969 -0.746342 -0.0281082
0.267924 -0.383768 0.0849367 -0.618719 -0.785326 -0.021202
0.287594 -0.398628 0.058286 -0.580422 -0.813961 0.0240198
0.283341 -0.39107 0.108904 -0.579644 -0.777156 0.245031
0.0537986 -0.328275 0.0755485 -0.189522 -0.979639 0.0662496
0.0807085 -0.341687 0.00385358 0.904877 -0.415293 0.093429
0.0595555 -0.340749 0.0787865 0.279304 -0.944458 -0.17317
0.0685869 -0.334007 0.0741273 0.836562 -0.544261 -0.0627997
0.0718782 -0.343955 0.119063 0.213248 -0.52356 -0.82487
0.305683 -0.413221 0.0927853 -0.545866 -0.837713 0.0163203
0.337589 -0.426288 0.0890617 -0.330848 -0.941386 0.0658103
0.327461 -0.419693 0.104779 -0.360745 -0.86311 0.353417
0.311529 -0.403258 0.118262 -0.444045 -0.78431 0.433222
0.40246 -0.33277 0.00794207 0.781755 -0.623041 0.0260715
0.366237 -0.367389 0.0418597 0.931906 0.310941 0.186725
0.262043 -0.278838 0.124284 0.417903 0.342593 0.84142
0.332673 -0.276467 0.00310405 0.993432 0.108437 -0.0365414
0.315342 -0.256669 0.0379893 0.852141 0.445643 0.274334
0.320647 -0.273211 0.0354928 0.935783 0.221978 0.273926
-0.0117411 0.0779706 0.0295221 -0.074416 0.991355 -0.108065
-0.0314415 0.070631 0.0429484 0.119547 0.893805 0.432229
-0.0785076 0.0807989 -0.00275715 0.0572458 0.989544 0.132387
-0.110406 0.0787036 0.00703029 0.0144631 0.948538 0.316334
-0.301149 -0.0733031 -0.00148882 -0.822897 -0.517135 -0.235399
-0.278952 -0.102737 0.0187323 -0.81871 -0.565054 0.102117
-0.292661 0.0879762 0.013522 -0.860468 0.406852 0.306703
-0.307566 0.0655692 0.000397199 -0.914715 0.404067 -0.00512963
-0.296827 0.0755015 0.0121036 -0.860394 0.339467 0.380112
-0.311506 0.0291438 0.0169492 -0.947216 0.260407 0.187001
-0.2961 0.065706 0.0319419 -0.896297 0.401689 0.187876
-0.297465 -0.00189027 0.0614958 -0.429943 0.290708 0.854774
-0.309959 0.034553 0.0416781 -0.519419 0.336682 0.785398
-0.00193559 -0.280339 0.109018 -0.372625 -0.494178 0.785454
-0.182224 -0.164283 0.0781625 -0.533865 -0.505052 0.678167
-0.146615 -0.190779 0.0918269 -0.514989 -0.625102 0.586544
0.238651 -0.244276 0.122085 0.335888 0.146073 0.930506
0.24806 -0.253804 0.118283 0.252999 0.206352 0.945204
0.136985 -0.127753 0.134946 0.25485 0.573363 0.778657
0.0971081 -0.308549 -0.0590616 -0.225693 -0.974045 -0.0172894
0.114829 -0.317297 -0.0975249 0.533777 -0.0573116 0.843681
0.436266 -0.430027 -0.0481361 0.746076 -0.625535 -0.228201
0.397288 -0.442163 -0.0514003 0.242961 -0.958822 -0.147073
0.293764 -0.302973 -0.104879 0.601421 0.47326 -0.643675
0.410337 -0.398015 -0.0439111 0.653226 0.740684 -0.157109
0.42979 -0.410931 -0.0428181 0.708427 0.698306 -0.102469
0.412962 -0.400817 -0.0996293 0.703385 0.686764 -0.183318
0.358467 -0.31179 -0.0984127 0.118452 -0.581307 -0.805016
0.277537 -0.259616 -0.0932819 0.771841 0.239172 -0.589116
0.277667 -0.272574 -0.117118 -0.313594 0.895736 -0.315144
0.211459 -0.0173214 -0.0066452 0.596761 0.335016 -0.729137
0.0473305 0.0785536 -0.0212719 -0.0321547 0.846743 0.53103
0.012725 0.0804447 -0.0365683 -0.167833 0.9847 0.0468911
0.000469358 0.0830405 -0.0259469 -0.118449 0.974741 0.18934
-0.044805 0.0668778 -0.069783 0.0424354 0.944057 -0.327042
-0.0258093 0.0700131 -0.0393444 0.02092 0.954224 -0.298361
-0.143423 0.074323 -0.0167201 -0.10688 0.852118 -0.512319
-0.154975 0.0687691 -0.029625 0.0906709 0.962481 -0.255754
-0.281903 -0.103716 -0.017856 -0.873628 -0.45659 -0.168222
-0.244877 -0.136312 -0.0611304 -0.694454 -0.529478 -0.487223
-0.244795 -0.145951 -0.0399902 -0.70337 -0.678146 -0.213045
-0.205929 -0.185013 -0.0284444 -0.604483 -0.762165 -0.231745
-0.242072 -0.155216 0.00229099 -0.726027 -0.687541 0.0131446
-0.170603 0.0344727 -0.080801 -0.0984601 0.730516 -0.67576
0.0349799 -0.303147 -0.109603 -0.397019 -0.458434 -0.795119
0.0766772 -0.332781 -0.122489 -0.364487 0.0348355 -0.930556
0.0304742 -0.31929 -0.101652 -0.486808 -0.320651 -0.812527
0.0713507 -0.337608 -0.125131 -0.500711 -0.102107 -0.859571
-0.0662013 -0.257415 -0.0748781 -0.565449 -0.734713 -0.374786
-0.107383 -0.263792 -0.0332987 -0.517883 -0.7664 -0.380037
-0.1288 -0.238657 -0.0362633 -0.629773 -0.715655 -0.302033
0.0267627 -0.00503843 -0.131357 0.341901 0.201569 -0.917864
0.0459113 -0.0244252 -0.116918 -0.0744222 0.0759244 -0.994332
0.021778 -0.0146344 -0.128431 0.254785 0.139856 -0.956831
0.0870298 -0.0760623 -0.135117 0.280212 0.37439 -0.883919
0.133713 -0.157011 -0.156867 0.165376 0.271313 -0.948177
0.132692 -0.23618 -0.153901 0.175428 -0.148856 -0.973174
-0.0653717 -0.254228 -0.0882336 -0.529171 -0.616325 -0.583199
-0.16985 -0.20553 -0.0369318 -0.571229 -0.759379 -0.311514
-0.304112 0.0634639 -0.0110298 -0.852149 0.330955 -0.405353
-0.288179 0.101079 -0.0129747 -0.754066 0.387384 -0.530394
-0.205516 0.0912225 -0.0492198 0.137062 0.217223 -0.966451
-0.186698 0.089591 -0.0526022 0.38854 0.196207 -0.9003
-0.287334 -0.0681923 -0.0170391 -0.912269 -0.373326 -0.168503
-0.0890882 0.0822981 -0.00509557 0.0945186 0.970427 -0.22212
-0.0391931 0.0762887 -0.00286724 -0.0322552 0.99633 -0.0792844
-0.0173035 0.0773125 -0.0288452 -0.0305207 0.993692 0.107912
0.316067 -0.273146 -0.0326937 0.894958 0.378051 -0.236914
0.360817 -0.341897 -0.075394 0.623773 -0.569991 -0.534806
0.364224 -0.351817 -0.0383053 0.979565 -0.0121465 -0.200761
0.378725 -0.382009 -0.00924874 0.647745 0.75612 0.0933197
0.376899 -0.366643 -0.0430127 0.65633 0.753955 0.0279908
0.309551 -0.409942 -0.103546 -0.44686 -0.790225 -0.419356
0.277349 -0.384145 -0.129773 -0.59629 -0.770621 -0.224903
0.274781 -0.374067 -0.106128 -0.596834 -0.798964 -0.0737974
0.259352 -0.360835 -0.150514 -0.554572 -0.712019 -0.430672
0.30056 -0.268742 -0.148645 0.39749 -0.767619 -0.502755
0.28826 -0.252495 -0.114756 0.255149 -0.894316 0.367556
0.281369 -0.250832 -0.130111 -0.712526 -0.691999 -0.115947
0.208742 -0.389551 0.00244099 -0.488672 -0.868774 -0.080198
0.21022 -0.379942 -0.0779988 -0.410526 -0.910526 0.0490927
0.197576 -0.38002 -0.0652117 -0.14817 -0.987437 0.0548932
0.207083 -0.391255 -0.0962603 -0.171881 -0.962734 0.208807
0.223531 -0.228401 0.118777 0.454084 0.43356 0.778353
0.184016 -0.213869 0.141293 0.507537 0.253948 0.823357
0.194749 -0.192911 0.127447 0.403539 -0.105333 0.908879
0.238009 -0.282094 0.134904 0.429629 0.369924 0.823756
0.249314 -0.277059 0.124569 0.140228 0.406001 0.90305
0.135062 -0.337933 0.132007 -0.224215 -0.296662 0.928288
0.171333 -0.376796 0.135693 0.0168689 0.182392 0.983081
0.160793 -0.348274 0.130518 -0.00920483 -0.186887 0.982338
0.196898 -0.350207 0.133367 0.0919292 -0.123684 0.988054
0.0666918 -0.336335 0.127025 -0.53753 -0.279404 0.79561
0.0770079 -0.328272 0.120385 -0.269485 0.115348 0.956072
0.0540425 -0.316829 0.122422 -0.602741 -0.274242 0.74933
0.0348209 -0.330204 0.0860362 -0.421851 -0.836142 0.350584
-0.267772 0.00548788 0.0783307 -0.639486 0.381877 0.667254
-0.272917 0.0322319 0.0576239 -0.428794 0.30453 0.850528
-0.127687 0.0666244 0.0548187 -0.0388645 0.947822 0.316423
-0.0951938 0.0641621 0.0664787 -0.0834493 0.926911 0.365886
-0.0318968 0.0661829 0.0606582 -0.450314 0.87769 -0.163941
0.225835 -0.0615089 0.0224266 0.873589 0.280752 -0.397517
0.214131 -0.0230109 0.00118568 0.760411 0.427184 0.489173
0.347244 -0.293217 0.0324139 0.0100511 0.999947 -0.00235561
0.325612 -0.298042 0.052233 0.913582 0.222565 0.340341
0.313647 -0.348733 0.163381 0.438335 0.673334 0.595385
0.340972 -0.30153 0.0380088 -0.668163 0.743872 0.0145519
0.335233 -0.304512 0.0306424 -0.0750929 0.99446 0.0735549
0.322597 -0.303435 0.0509975 0.440038 0.867011 0.233793
0.348091 -0.434176 0.0385775 -0.181198 -0.963448 0.197323
0.371762 -0.43738 0.0557413 -0.0219625 -0.996341 0.0826021
0.00520686 -0.329417 0.0578184 -0.355439 -0.934636 0.0108935
0.219671 -0.38238 0.0872136 0.583595 -0.810752 0.0458047
0.220757 -0.379744 0.0828262 0.52822 -0.849102 -0.0030616
0.067689 -0.024438 0.116597 0.399727 0.0742776 0.91362
0.0451601 -0.0253754 0.127578 0.0838312 -0.547624 0.832514
0.307742 -0.406461 0.0470699 -0.610125 -0.792289 -0.00508945
0.0718546 -0.323092 0.0734794 0.946328 -0.322961 -0.012629
0.0743932 -0.331516 0.107723 -6.09898e-05 -0.459356 -0.888252
0.398697 -0.39843 0.134607 0.603801 0.696849 0.387074
0.282859 -0.312895 0.145863 0.316047 0.811488 0.491529
0.178648 0.0250453 0.013095 0.63845 0.760132 -0.120751
0.183444 0.0162865 0.00556489 0.545688 0.562427 0.621209
-0.00552977 0.0755775 0.0170171 -0.0331822 0.995959 0.0834498
-0.144406 0.0737594 0.0277664 0.166457 0.875176 0.454269
-0.148426 0.06727 0.0308751 0.391642 0.894058 0.217431
-0.287886 0.0644338 0.0417331 -0.437072 0.211802 0.874132
-0.296789 0.060676 0.040443 -0.791151 0.419581 0.445008
-0.278424 0.0940497 0.0341541 -0.850012 0.418578 0.3198
-0.31928 0.00308567 0.0261155 -0.994566 -0.0417986 0.0953534
0.217597 -0.372427 0.135626 0.49399 0.223005 0.840383
0.0855494 -0.313517 0.134835 0.176837 0.130409 0.975562
0.10623 -0.292826 0.151123 -0.118324 -0.481448 0.868451
-0.0186973 0.00579812 0.132049 -0.126297 0.298934 0.945879
-0.0695544 -0.0596202 0.156878 0.12508 0.251615 0.959711
-0.0851525 -0.0849295 0.162143 -0.0271281 0.120964 0.992286
0.0208408 -0.00884639 0.138472 0.283475 0.284439 0.915825
-0.0315837 -0.0507872 -0.147868 0.100572 0.24007 -0.965532
0.277335 -0.386628 -0.0647111 -0.726945 -0.686189 -0.0263609
0.0736692 -0.341346 -0.0633348 0.220753 -0.96839 -0.116139
0.0812944 -0.336514 -0.101721 -0.253277 -0.939033 0.232524
0.324443 -0.426337 -0.101719 -0.348601 -0.887659 -0.300896
0.418034 -0.297605 -0.0371551 0.958611 0.157455 -0.237218
0.343678 -0.323814 -0.0911926 0.196236 -0.258656 -0.945827
0.360174 -0.300385 -0.0373199 -0.232141 0.972655 -0.0072243
0.385378 -0.296714 -0.0336777 -0.010638 0.999943 0.000625807
0.0964457 0.0758546 -0.0209632 0.172779 0.884966 0.432415
-0.167724 0.0775934 -0.0399766 0.265613 0.849811 -0.455271
-0.152352 0.0659639 -0.0524687 -0.0122131 0.832559 -0.553802
-0.131648 0.0625398 -0.0505067 -0.201341 0.844883 -0.495616
-0.256577 0.0908195 -0.0587782 -0.283508 0.270673 -0.919978
-0.253239 0.0704437 -0.0667241 -0.21254 0.292315 -0.932405
-0.290905 0.00366117 -0.059981 -0.667438 0.219426 -0.711603
0.100502 -0.318581 -0.13433 -0.0932559 -0.00269361 -0.995639
-0.0283145 0.0154455 -0.13359 -0.0921007 0.278543 -0.955997
-0.0673421 -0.034481 -0.149188 0.0639982 0.208198 -0.975991
-0.0841617 -0.0852975 -0.157461 -0.034909 0.100356 -0.994339
-0.0158 -0.284303 -0.105822 -0.404032 -0.559426 -0.723741
0.127947 -0.127326 -0.145916 0.0386175 0.198051 -0.979431
0.0966992 -0.213154 -0.171924 0.062866 -0.155173 -0.985885
0.24246 -0.342612 -0.144812 -0.193645 -0.237136 -0.951981
-0.10421 0.0584389 -0.0789359 -0.209208 0.711126 -0.671217
-0.279925 0.0183631 -0.0745719 -0.665238 0.0722204 -0.74313
-0.0719456 0.0685676 -0.0815971 -0.0422346 0.942084 -0.332707
-0.176577 0.0903603 -0.0402176 0.459498 0.236372 -0.856149
-0.170862 0.0771191 -0.0429679 0.689498 -0.000684485 -0.724288
0.188416 0.0119813 -0.0110336 0.694005 0.628654 0.35093
0.357039 -0.369159 -0.141902 0.661878 0.682738 -0.309495
0.341235 -0.362482 -0.154287 0.635878 0.656267 -0.406169
0.377656 -0.38962 -0.126165 0.697623 0.677008 -0.234483
0.247048 -0.21011 -0.12895 -0.510858 -0.435243 -0.741342
0.272226 -0.2391 -0.125616 -0.686503 -0.570269 -0.451118
0.175312 -0.374379 -0.0644927 -0.382415 -0.923359 -0.0341583
-0.075382 -0.136398 0.167373 -0.0920879 -0.150087 0.984375
0.0988563 -0.308293 0.13536 -0.325946 -0.471858 0.819213
-0.232974 -0.122145 0.0684086 -0.56311 -0.436884 0.701455
-0.163839 0.0704473 0.0426841 0.0774762 0.913506 0.399379
0.305547 -0.230104 0.0303293 0.908707 0.339991 0.242196
0.377398 -0.377259 0.0334599 0.708182 0.702115 -0.0742485
0.278333 -0.375031 0.137637 -0.486314 -0.779456 0.3949
0.297797 -0.264072 0.111741 -0.17592 -0.893549 -0.413065
0.302347 -0.265679 0.144206 0.165719 -0.798256 0.579072
0.280792 -0.250082 0.127241 -0.674121 -0.725186 0.140238
0.201605 -0.389672 0.0716013 -0.0492666 -0.998537 0.0222939
0.214838 -0.389918 0.106292 0.0617753 -0.995511 0.0717063
0.186534 -0.0433027 0.123762 -0.296891 0.0310438 0.954407
0.225425 -0.0394678 0.138479 -0.496291 0.00452607 0.868144
0.203359 -0.00673951 0.121656 -0.383551 -0.129452 0.914402
0.106024 -0.0225271 0.114298 -0.120444 0.152114 0.980997
0.0820923 -0.00547975 0.105178 -0.254766 0.241895 0.936259
0.100624 0.0120207 0.105994 -0.27364 0.19326 0.942216
0.0814199 -0.00129447 0.106319 0.194048 0.178655 0.964587
0.285245 0.333316 0.398217 -0.14682 -0.731936 0.665367
0.275646 0.384186 0.464759 -0.059287 -0.759454 0.647853
0.249069 0.340273 0.411929 -0.179439 -0.749843 0.636818
0.209146 0.366472 0.415797 -0.349814 -0.754487 0.555319
0.230366 0.287308 0.338995 -0.379086 -0.656991 0.651657
0.220066 0.473988 0.524902 -0.15665 -0.548997 0.821013
0.170013 0.419416 0.484579 0.014773 -0.695846 0.718039
0.197056 0.396895 0.467506 -0.11812 -0.766151 0.631712
-0.00225085 0.174959 0.111935 -0.867477 0.453241 -0.205074
0.0426246 0.237532 0.13534 -0.492345 0.667169 -0.559001
0.0268095 0.184722 0.0944699 -0.449467 0.503024 -0.738205
0.060203 0.172451 0.07283 -0.391659 0.516716 -0.76132
0.0118235 0.12199 0.0745275 -0.518431 0.446137 -0.729514
0.271472 0.187662 0.149487 0.531717 0.469325 -0.70499
0.236424 0.274083 0.201127 0.456516 0.578569 -0.675908
0.289952 0.253278 0.230522 0.630883 0.512477 -0.582541
0.366253 0.326697 0.382623 0.603243 0.504862 -0.617424
0.411921 0.242411 0.368667 0.822 0.159182 -0.546787
0.304887 0.306315 0.314514 0.610979 0.520732 -0.596274
0.268114 -0.0325514 0.0838167 0.656474 0.211199 -0.72418
0.301796 -0.0636305 0.12415 0.772232 -0.000930185 -0.63534
0.299268 -0.066365 0.129664 0.337148 0.522616 0.783073
-0.0127338 0.0869613 0.0675752 -0.642708 0.433094 -0.631946
0.0409679 0.111141 0.0403908 -0.479001 0.518363 -0.708419
0.152356 0.467068 0.511316 -0.798876 0.0487979 0.599513
0.181051 0.515297 0.548983 -0.8419 0.491884 0.221935
0.141595 0.474022 0.491259 -0.545196 0.82436 -0.152292
0.0584332 0.30797 0.366607 -0.406076 -0.484576 0.774783
0.0570623 0.302186 0.348367 0.281747 -0.812152 0.510909
0.0765617 0.31602 0.364761 0.109658 -0.826636 0.551949
0.0968111 0.232229 0.220789 0.176329 -0.759431 0.626237
0.107739 0.172846 0.171844 -0.175383 -0.566283 0.805335
0.142358 0.240324 0.239797 -0.220647 -0.641967 0.734298
0.0444104 0.110414 0.132 0.0146551 -0.331498 0.943342
0.0855553 0.0769623 0.131316 0.0648876 -0.235407 0.969728
0.100911 0.115309 0.137703 -0.0872664 -0.410137 0.907839
0.155198 0.0936497 0.142414 -0.254896 -0.374078 0.89168
0.323214 -0.0838143 0.15984 0.836137 -0.169273 -0.521749
0.344151 -0.0363072 0.192127 0.207644 -0.358061 0.910317
0.327117 -0.0920086 0.173763 0.393486 -0.298069 0.869669
0.293447 -0.213879 0.158336 -0.155433 0.0763733 0.98489
0.272305 -0.197912 0.158931 -0.0800648 0.10739 0.990988
0.269249 -0.221984 0.15918 -0.647754 -0.379358 0.660683
0.338541 -0.125773 0.129311 0.999864 -0.0143916 -0.00805226
0.327379 -0.160892 0.103729 0.950871 -0.0279855 -0.30832
0.329334 -0.113445 0.10268 0.842063 0.306244 -0.444009
0.208344 -0.161093 0.127104 0.309026 -0.0401441 0.950206
0.191001 -0.108612 0.138331 0.301417 0.322535 0.897284
0.203452 -0.16112 0.136085 0.561222 -0.0618234 0.825353
0.289014 -0.0452942 0.172248 -0.463193 0.0163148 0.886107
0.273544 -0.00710233 0.166902 -0.45441 -0.0376027 0.889999
0.242761 -0.0536221 0.151369 -0.492304 -0.0140232 0.87031
0.0349209 0.000442621 0.112158 0.397224 0.481462 0.781285
0.00750099 0.0116567 0.119651 0.489224 0.198582 0.849249
0.348774 0.565057 -0.572126 0.406541 0.59778 0.690929
0.279466 0.487715 -0.472981 0.254516 0.696758 0.670634
0.348161 0.500415 -0.515371 0.467027 0.592222 0.656627
0.411306 0.252732 -0.374336 0.950991 -0.107503 0.289928
0.340633 0.233495 -0.325866 -0.259897 -0.634249 -0.728136
0.371854 0.274158 -0.384921 -0.241534 -0.753237 -0.611796
0.119822 0.282651 -0.148583 0.181051 0.688792 0.701987
0.165666 0.240224 -0.129279 0.313378 0.499253 0.8078
0.145046 0.29538 -0.162975 0.328636 0.679582 0.655871
0.199731 0.303629 -0.207691 0.317904 0.691224 0.648958
0.151002 0.330118 -0.219428 0.252132 0.787336 0.562611
0.260833 0.182093 -0.136722 0.503852 0.48155 0.717108
0.209324 0.155669 -0.100641 0.324526 0.410712 0.852056
0.258377 0.113076 -0.106048 0.494968 0.291322 0.81862
0.2368 0.0990428 -0.0919326 0.521763 0.284472 0.804263
0.299579 0.0927188 -0.133691 0.613497 0.206271 0.762282
0.377268 0.650553 -0.662994 0.0846315 -0.0224868 -0.996159
0.315801 0.620711 -0.606266 0.159012 0.675345 0.720156
0.363581 0.19359 -0.250438 0.720807 0.4654 0.513654
0.333074 0.266909 -0.294113 0.664612 0.516887 0.539554
0.292351 0.249123 -0.221918 0.607594 0.543478 0.579191
0.2202 0.0691646 -0.0701472 0.47083 0.11104 0.875208
0.165522 0.0955666 -0.0481033 0.345461 0.45125 0.822818
0.0370055 0.29173 -0.233141 -0.875663 0.447681 0.181096
0.0376278 0.328779 -0.345143 -0.96464 -0.198664 -0.173213
0.0287697 0.266502 -0.236323 -0.959738 -0.151963 -0.236243
0.0524438 0.260357 -0.274129 -0.770482 -0.422512 -0.477327
0.012338 0.216167 -0.183655 -0.899399 -0.0984747 -0.425893
0.0745401 0.24189 -0.262004 0.13994 -0.812476 -0.565951
0.0401913 0.182519 -0.176408 0.266223 -0.71093 -0.650925
0.0627562 0.255755 -0.288756 -0.0659183 -0.810052 -0.58264
0.0655515 0.306774 -0.360479 0.0514363 -0.820211 -0.569743
-0.0104261 0.0522822 -0.135758 -0.118772 -0.0122134 -0.992846
0.00574649 0.0380072 -0.126965 0.330625 -0.11001 -0.937329
0.344909 0.00370089 -0.195642 -0.180951 -0.306041 -0.934663
0.382489 0.00439743 -0.206015 0.9718 0.0300463 0.233883
0.34606 -0.0374014 -0.191903 -0.0545243 -0.263735 -0.963053
0.309987 -0.215662 -0.147048 0.710793 -0.162314 -0.684417
0.306812 -0.21532 -0.155805 0.73395 -0.182814 -0.654137
0.319641 -0.180921 -0.0916921 0.775721 -0.170141 0.607708
0.331956 -0.192364 -0.120362 0.964316 -0.180886 0.193328
0.336787 -0.154371 -0.103504 0.90483 0.0372368 0.424141
0.32315 -0.119573 -0.102804 0.898392 0.2437 0.36538
0.304412 -0.0609646 -0.109592 0.766462 0.233837 0.598211
0.311008 -0.0965246 -0.0863146 0.640766 0.268176 0.719375
0.255299 -0.0771005 -0.0564538 0.67248 0.279209 0.685429
0.241951 -0.0329271 -0.0584913 0.77217 0.115897 0.624757
0.23361 -0.0454361 -0.148684 -0.55334 -0.0188532 -0.832742
0.282659 -0.00930155 -0.177018 -0.463989 0.00889495 -0.885796
0.275363 -0.0481595 -0.174225 -0.441075 -0.0510181 -0.896019
0.1437 -0.0105483 -0.114149 0.0343374 0.130339 -0.990875
0.183146 -0.049135 -0.117027 -0.146088 0.240081 -0.959698
0.141156 -0.0387438 -0.121765 0.164766 0.46014 -0.872424
0.182868 -0.113216 -0.158219 0.319437 0.24203 -0.916178
0.141286 -0.0618882 -0.136249 -0.220226 0.231586 -0.947559
0.126939 0.022375 -0.111572 -0.165313 0.0487219 -0.985037
0.149363 0.0234729 -0.118627 -0.267043 -0.153302 -0.951413
0.195694 0.0409254 -0.0587255 0.516697 0.296162 0.803313
0.1397 0.0555879 -0.027068 0.491037 0.672463 0.553783
0.204094 0.0169581 -0.0407533 0.598079 0.649519 0.469497
0.329711 -0.146448 -0.123415 0.991654 0.119972 -0.0472181
0.237852 -0.169996 -0.1426 -0.65644 -0.179332 -0.732752
0.254388 -0.165758 -0.154466 -0.426875 -0.302324 -0.852278
0.291224 -0.179459 -0.159304 -0.103169 0.0037015 -0.994657
0.313574 -0.14599 -0.161862 0.215651 -0.250583 -0.94377
0.306827 -0.166179 -0.158596 0.427511 -0.184744 -0.884932
0.29478 -0.0698816 -0.176054 -0.245313 -0.0900694 -0.965251
0.298092 -0.0835301 -0.175149 -0.264698 -0.149439 -0.952682
0.286085 -0.116713 -0.171569 0.146404 -0.237067 -0.960399
0.00261085 0.0650688 -0.137743 0.158373 -0.353743 -0.921837
0.0132048 0.128548 -0.166973 -0.687494 -0.154636 -0.709535
0.00962512 0.119488 -0.156418 0.641427 -0.406708 -0.650508
0.0431341 0.123962 -0.135523 0.0481049 -0.387598 -0.920572
0.0957737 0.30936 -0.354585 0.419361 -0.651856 -0.631838
0.0987162 0.301003 -0.344953 0.342385 -0.79199 -0.505494
0.0725255 0.313051 -0.369183 0.155077 -0.784656 -0.600222
-0.0228326 0.090636 -0.120398 -0.869586 0.144182 -0.472262
-0.000496037 0.160363 -0.105096 -0.82302 0.479716 0.304154
-0.00108869 0.156058 -0.146199 -0.957074 0.158082 -0.24294
0.170779 0.494383 -0.537898 -0.815686 0.291312 -0.499794
0.138191 0.441864 -0.502808 -0.370854 -0.481009 -0.794416
0.139615 0.46936 -0.50435 -0.878019 0.332205 -0.344563
0.0089726 0.0944805 -0.0595065 -0.647768 0.218512 0.729828
-0.0280732 0.0789023 -0.0944118 -0.828 0.378478 0.413728
-0.00278828 0.0804871 -0.0555895 -0.565236 0.71299 0.414913
0.314182 -0.0100218 -0.13193 0.707716 0.0595711 0.703981
0.286435 0.00584909 -0.104729 0.662951 0.104522 0.741331
0.329028 -0.116991 -0.14685 0.972143 -0.144647 0.184432
0.344461 -0.0932256 -0.17056 0.751061 -0.456697 -0.476796
0.344948 -0.0669262 -0.161226 0.818771 -0.0426879 0.572531
0.358524 0.299957 -0.345895 0.632052 0.512455 0.581291
0.350189 0.333041 -0.362258 0.569099 0.607381 0.554269
0.252738 0.341342 -0.293989 0.495054 0.677626 0.543824
0.219013 0.344707 -0.259288 0.303957 0.726391 0.616414
0.235905 0.286138 -0.204917 0.447978 0.606335 0.657018
0.0539847 0.186793 -0.0800916 -0.464262 0.49865 0.73199
0.0473194 0.238781 -0.121074 -0.525093 0.560291 0.640586
0.0238117 0.177627 -0.102352 -0.588418 0.466473 0.660429
0.0116809 0.105437 -0.0640944 -0.511808 0.49121 0.704816
0.191878 0.394812 -0.45904 -0.126888 -0.817408 -0.561911
0.231205 0.363709 -0.430628 -0.19968 -0.791353 -0.57783
0.158614 0.351592 -0.382271 -0.192108 -0.843051 -0.502354
0.327099 0.456446 -0.523479 -0.178186 -0.617326 -0.766263
0.447509 0.531324 -0.628159 0.40348 -0.196687 -0.893599
0.378988 0.414004 -0.519278 -0.342161 -0.5638 -0.751702
0.092375 0.017359 -0.107695 -0.187439 0.0803993 -0.97898
0.0901778 0.028035 -0.104942 0.0650238 -0.274412 -0.959411
0.175662 -0.140944 0.156201 0.00856604 -0.094974 0.995443
0.145439 -0.116263 0.132175 -0.387143 0.122769 0.91381
0.264127 -0.0731427 0.0611488 0.678305 0.281961 -0.678528
0.245819 -0.0553804 0.0613445 0.755294 0.214861 -0.619166
0.224989 -0.00833113 0.034701 0.732123 0.300732 -0.611192
0.300839 -0.161303 0.0713204 0.477615 -0.247007 -0.843132
0.271811 -0.160666 0.0461526 0.769333 0.0314199 -0.638075
0.269606 -0.130987 0.0519833 0.642189 0.209886 -0.737252
0.284917 -0.237811 0.0829408 0.966685 -0.0978329 0.236534
0.301818 -0.226209 0.164881 0.587748 -0.143083 0.796291
0.304368 -0.181083 0.158301 0.0825634 -0.0664329 0.994369
0.366893 0.0501054 0.218678 -0.201577 -0.444527 0.87279
0.327727 0.0247419 0.182829 -0.449645 -0.273483 0.850309
0.34338 0.00421086 0.199369 -0.274502 -0.160665 0.948069
0.386894 0.162359 0.272099 0.580601 -0.464628 0.668598
0.341902 0.233132 0.322623 -0.260913 -0.670391 0.694622
0.325637 0.170556 0.273503 -0.0663252 -0.495543 0.866047
0.294554 0.174307 0.276887 -0.229231 -0.537178 0.811722
0.0981636 0.318377 0.369764 0.316009 -0.801885 0.50707
0.139925 0.338512 0.358285 0.502536 -0.77787 0.377328
0.108944 0.343127 0.401031 0.0794988 -0.787715 0.610888
0.118856 0.440012 0.475941 -0.839941 0.117014 0.529912
0.0909981 0.415349 0.415329 -0.734793 0.676694 -0.0465147
0.0840574 0.398219 0.414621 -0.88159 0.107621 0.459584
0.0532528 0.133989 0.045936 -0.0580239 0.4586 -0.886747
0.0622347 0.0981616 0.0325421 0.121491 0.53246 -0.837691
0.331217 -0.115123 0.141374 0.679961 0.330899 0.654338
0.325677 -0.161382 0.144842 0.891068 -0.156002 0.426217
0.278008 0.470817 0.453196 0.30813 0.671449 -0.673953
0.223378 0.421916 0.382724 0.245942 0.75506 -0.60778
0.215462 0.466297 0.415213 0.155442 0.781992 -0.603594
0.242177 0.0783964 0.0859374 0.514847 0.278759 -0.810695
0.194536 0.147259 0.0926961 0.377014 0.451327 -0.808804
0.256758 0.125979 0.114022 0.489497 0.350319 -0.798542
0.305335 0.0916062 0.140737 0.630074 0.24051 -0.73835
0.117242 0.34636 0.249727 -0.195431 0.867992 -0.456504
0.165343 0.351422 0.25309 0.123834 0.847382 -0.516342
0.142504 0.334651 0.221604 0.072693 0.836811 -0.542644
0.379912 0.28103 0.399064 -0.354446 -0.632731 0.688491
0.388165 0.359006 0.462392 -0.31652 -0.641139 0.699111
0.379558 0.413014 0.514807 -0.169535 -0.725784 0.666705
0.0361564 0.287028 0.221981 -0.784242 0.559229 -0.268752
0.0728441 0.295907 0.18131 -0.55636 0.693658 -0.457495
0.0655048 0.331808 0.258496 -0.574809 0.70668 -0.41255
0.0930631 0.290865 0.15499 -0.341197 0.7303 -0.591817
0.199132 -0.00887515 -0.124097 -0.370971 -0.18601 -0.909824
0.185202 0.0393564 -0.134052 -0.351969 -0.18559 -0.917428
0.433146 0.525671 0.619946 0.964384 0.0606138 0.257467
0.385482 0.46249 0.530208 0.542844 0.562724 -0.623428
0.36743 0.51559 0.54606 0.558901 0.459773 -0.6901
0.36251 0.542488 0.609377 -0.191168 -0.47062 0.861378
0.377272 0.638915 0.665225 0.0996081 0.0963728 0.990349
0.293849 0.558544 0.602566 -0.252762 -0.443887 0.859695
0.16871 0.440163 0.390485 -0.291702 0.879065 -0.377034
0.0957987 0.40066 0.355041 -0.256884 0.820011 -0.511462
0.101403 0.415798 0.389817 -0.402198 0.858642 -0.31776
0.198353 0.276946 0.178701 0.342235 0.632847 -0.694535
0.163945 0.229855 0.128993 0.305211 0.523875 -0.795237
0.150604 0.299354 0.176552 0.296295 0.664994 -0.68556
0.115944 0.282015 0.14488 0.203602 0.72133 -0.661989
0.186551 0.370494 0.298539 0.226423 0.806316 -0.546431
0.206149 0.34536 0.265858 0.250905 0.914927 -0.316158
0.366788 0.580402 0.594536 0.307253 0.644848 -0.699833
0.308276 0.62981 0.610323 0.0945991 0.678022 -0.728929
0.371934 0.0851125 0.2032 0.789712 0.241488 -0.563949
0.366426 0.183428 0.250065 0.696728 0.460626 -0.549904
0.261916 0.610909 0.623052 -0.240772 -0.401638 0.883581
0.2545 0.596341 0.598153 -0.401726 0.726454 -0.557567
0.0450401 0.256663 0.268621 -0.655265 -0.540654 0.527561
0.0308869 0.269454 0.238153 -0.978861 -0.0468664 0.199082
0.0172739 0.206621 0.183149 -0.95062 0.0133226 0.310072
0.0414424 0.19362 0.204156 0.267309 -0.721127 0.639157
0.0647305 0.234479 0.23884 -0.0175833 -0.796091 0.604921
0.0684323 0.249769 0.269268 0.206858 -0.81239 0.54519
-0.0156486 0.0510186 0.124678 -0.20745 -0.0661124 0.976009
-0.00197533 0.0504594 0.127303 -0.348999 0.0239189 0.936818
0.00458335 0.0801444 0.138533 0.0927246 -0.203582 0.974657
0.268846 -0.150092 0.15877 -0.181293 -0.124172 0.975558
0.281409 -0.116493 0.162642 -0.211916 -0.134198 0.96803
0.262967 -0.11152 0.167128 -0.0793954 -0.150816 0.985368
0.289919 -0.172312 0.157008 -0.161566 -0.0984552 0.981938
0.275039 -0.183871 0.154908 0.0400491 -0.176948 0.983405
0.281024 -0.1569 0.163691 0.231446 -0.257628 0.938115
0.262723 -0.183563 0.158414 -0.306252 -0.142249 0.941262
0.320625 -0.18202 0.0891502 0.678577 -0.297826 -0.671441
0.296847 -0.19898 0.0839724 0.501696 -0.345167 -0.793197
0.0207504 0.0346777 0.130765 0.17196 -0.376724 0.910224
0.00187619 0.0432004 0.131198 -0.0105407 -0.0763516 0.997025
0.321543 0.49173 -0.568446 -0.079748 -0.57355 -0.81528
0.273253 0.391844 -0.47643 0.0747985 -0.733782 -0.675255
0.21791 0.461062 -0.534538 -0.126602 -0.518776 -0.845484
0.196107 0.423974 -0.506036 -0.154209 -0.721092 -0.67546
0.132836 0.455873 -0.440195 -0.410861 0.851232 0.326492
0.0829565 0.413932 -0.406216 -0.825148 0.548722 -0.134298
0.105904 0.419777 -0.387491 -0.345656 0.849255 0.39911
0.152194 0.187601 -0.101348 0.252957 0.402762 0.879656
0.102696 0.198121 -0.0887241 0.300604 0.387548 0.87146
0.133367 0.114677 -0.063125 0.250912 0.477812 0.841866
0.181937 0.48069 -0.465042 -0.255941 0.835874 0.485602
0.159439 0.493341 -0.505882 -0.554695 0.791095 0.25784
0.263681 0.0305381 -0.0962009 0.499558 0.104716 0.859928
0.290326 -0.0223967 -0.097181 0.674255 0.115449 0.729419
0.0796937 0.0877111 -0.0247734 0.0217176 0.543071 0.839406
0.116757 0.0947124 -0.0386868 0.191313 0.5778 0.79344
0.0744832 0.0990943 -0.0353034 0.12307 0.324059 0.937998
0.0463844 0.358246 -0.327373 -0.733424 0.610021 0.299937
0.0330212 0.342049 -0.352294 -0.970477 0.102918 -0.218135
0.0574397 0.354914 -0.377306 -0.778588 -0.010248 -0.627452
0.0482221 0.298977 -0.359698 -0.582339 -0.383683 -0.716707
0.101442 0.161768 -0.165748 -0.0964671 -0.596775 -0.796589
0.0923982 0.229192 -0.230917 0.110159 -0.758457 -0.642346
0.150702 0.232534 -0.246649 -0.0484511 -0.689291 -0.722862
0.250413 0.194282 -0.256532 -0.444394 -0.554159 -0.703862
0.304163 0.185325 -0.278553 -0.336799 -0.546014 -0.767095
0.272708 0.0930874 -0.200274 -0.454366 -0.472059 -0.755455
0.327873 -0.0857174 -0.173412 0.15722 -0.297722 -0.941617
0.30352 -0.0964359 -0.177719 0.0313872 -0.239956 -0.970276
0.287257 -0.154086 -0.160341 -0.190957 -0.154227 -0.969407
0.280078 -0.193115 -0.0574607 0.90527 0.134993 0.402819
0.288842 -0.237968 -0.0843634 0.945009 -0.277832 0.172532
0.295007 -0.239962 -0.0894732 0.881824 -0.328166 0.338665
0.265057 -0.147816 -0.0481846 0.732048 0.129432 0.668845
0.273747 -0.116534 -0.166969 -0.435142 -0.0376465 -0.899575
0.245209 -0.116328 -0.147382 -0.674531 0.0307603 -0.737605
0.26117 -0.0957363 -0.163473 -0.450702 -0.0850974 -0.888609
0.163127 -0.141491 -0.147215 0.0601646 -0.106528 -0.992488
0.144513 -0.111114 -0.145935 -0.240364 0.133426 -0.961469
0.213077 -0.03296 -0.131172 -0.514738 0.0210449 -0.857089
0.218223 -0.0931992 -0.13499 -0.412403 -0.0407807 -0.910088
0.207982 -0.15685 -0.130979 0.314207 -0.0441633 -0.948327
0.201279 -0.164651 -0.136065 0.307048 -0.179959 -0.934525
0.302415 -0.163527 -0.0694271 0.600873 -0.0218073 0.799047
0.262306 -0.114808 -0.0539133 0.610008 0.159916 0.776091
0.270116 -0.150191 -0.163526 -0.133267 -0.227313 -0.96466
-0.0129338 0.0401775 -0.123276 -0.735385 -0.0130294 -0.677524
0.177185 0.225 -0.239557 -0.268563 -0.653204 -0.707954
0.162366 0.320691 -0.313107 -0.121925 -0.75167 -0.648171
-0.0303302 0.0622128 -0.108975 -0.697134 0.179789 -0.694032
0.0901624 0.389132 -0.428784 -0.783922 -0.0981341 -0.613055
0.12969 0.451956 -0.478528 -0.864012 0.0623998 -0.499589
0.0958597 0.376147 -0.425168 -0.292662 -0.59918 -0.745206
0.373514 0.109048 -0.201559 0.787574 0.207661 0.580176
0.39884 0.128673 -0.268268 0.999971 -0.00665445 0.003753
0.203145 0.373086 -0.294639 0.310838 0.767886 0.560117
0.202689 0.360349 -0.27469 0.322671 0.831723 0.451796
0.0814454 0.199408 -0.0775381 0.153226 0.475708 0.866155
0.0615158 0.127926 -0.038867 -0.0161803 0.45668 0.889484
0.0769952 0.355976 -0.27431 -0.411213 0.802926 0.431524
0.0629953 0.330941 -0.251949 -0.535885 0.746103 0.395168
0.251433 0.582941 -0.60622 -0.309668 -0.310849 -0.898598
0.300564 0.559831 -0.60497 -0.156054 -0.457715 -0.875297
0.0355747 -0.00774726 -0.116825 0.37367 0.38442 -0.844152
0.0633773 -0.00770781 -0.115447 0.178599 0.221261 -0.958721
0.0547857 0.293544 -0.173922 -0.536505 0.735738 0.413343
0.0909302 0.283894 -0.14054 -0.169293 0.745075 0.645138
0.147608 -0.0379343 0.111556 -0.0275852 0.176601 0.983896
0.134132 -0.0539428 0.117924 0.150515 0.37772 0.913604
0.233951 -0.159719 0.120424 -0.671276 -0.102807 0.734043
0.235127 -0.180768 0.140173 -0.724543 -0.189468 0.662676
0.235575 -0.121573 0.157898 -0.824809 0.00680025 0.56537
0.290417 -0.195586 0.0673768 0.97862 0.153247 -0.137182
0.253592 -0.179269 0.149725 -0.483456 -0.246727 0.839879
0.321101 -0.174064 0.143992 0.830892 -0.274417 0.48406
0.31341 -0.168164 0.165982 0.488198 -0.249911 0.836186
0.293998 -0.104683 0.173355 -0.30173 -0.0994431 0.948193
0.296827 -0.0704977 0.176286 -0.390869 -0.0435975 0.919413
0.0251414 0.140767 0.147567 0.264525 -0.545256 0.795439
0.250695 0.20055 0.266415 -0.516098 -0.573569 0.63613
0.163695 0.368023 0.38919 -0.0849972 -0.879539 0.468174
0.146332 0.328999 0.322298 -0.101364 -0.753063 0.650093
-0.0214618 0.071579 0.0868522 -0.935903 0.238106 -0.259597
-0.0132131 0.0849698 0.0667783 -0.58888 0.733261 -0.339924
0.132195 0.12369 0.052285 0.238244 0.43084 -0.870412
0.163116 0.0840898 0.0534291 0.333785 0.340168 -0.879132
0.0912854 0.0916103 0.0351744 0.235939 0.473752 -0.848464
0.301908 -0.0628894 0.113879 0.814208 0.549578 -0.18716
0.134677 0.452271 0.436509 -0.375424 0.850393 -0.368632
0.171168 0.477056 0.466232 -0.259154 0.888476 -0.378747
0.102809 0.183478 0.0803054 0.349658 0.407616 -0.843557
0.143418 0.171596 0.0896717 0.268175 0.486617 -0.831437
0.369731 0.468188 0.569417 -0.182824 -0.615708 0.766472
0.119973 0.0217891 0.111303 -0.123732 -0.0792975 0.989142
0.111333 0.0260749 0.108696 -0.163631 -0.319288 0.933424
0.437475 0.372686 0.499627 0.84926 0.335313 -0.407827
0.365573 0.411825 0.459849 0.577042 0.546949 -0.606523
0.279786 0.407348 0.374031 0.407995 0.706561 -0.578197
0.166116 0.453605 0.518003 -0.344509 -0.494124 0.79822
0.134709 0.40325 0.468184 -0.107007 -0.703998 0.702094
0.108475 0.236027 0.102137 0.0637268 0.5716 -0.818054
0.152878 0.398716 0.3391 -0.0928844 0.846258 -0.524615
0.218017 0.388567 0.320325 0.160532 0.778627 -0.606604
0.376296 0.0110917 0.19744 0.9807 -0.185049 -0.0631236
0.355235 0.0484593 0.174498 0.726695 0.145315 -0.671415
0.335501 0.00879281 0.14485 0.67168 0.0440318 -0.739531
0.0852351 0.0905427 0.0233446 0.255774 0.552319 -0.793425
0.0532658 0.350377 0.373097 -0.88641 -0.00730731 0.462842
0.040638 0.33959 0.316173 -0.911961 0.399786 -0.0921849
0.0518515 0.316156 0.353748 -0.871712 -0.0664424 0.485493
0.0426433 0.32062 0.335628 -0.978283 -0.116474 0.171454
0.101862 0.298477 0.330135 0.351652 -0.80611 0.475949
0.0159397 0.142086 0.161241 -0.307625 -0.366191 0.87822
0.234365 0.0621016 0.152724 -0.423874 -0.247955 0.871119
0.284914 0.0293515 0.172679 -0.391213 -0.187784 0.900938
0.277277 0.0879093 0.190792 -0.499 -0.516452 0.6959
0.316588 -0.139714 0.165795 0.0890786 -0.164012 0.982428
0.315598 -0.234254 0.138602 0.868659 -0.155144 0.470492
0.318216 -0.250165 0.121104 0.866948 -0.214473 -0.449892
0.321098 -0.205583 0.135253 0.958452 -0.203707 0.199682
0.335979 -0.183663 0.112704 0.971296 -0.213998 -0.103873
0.325868 -0.178595 0.134272 0.898452 -0.0909545 0.429548
0.143305 0.0402912 0.027139 0.310695 0.529903 -0.789095
0.0909693 0.0750268 0.0165992 0.165061 0.44307 -0.881161
0.267796 -0.0852845 0.168819 -0.503138 0.196629 0.84154
0.12928 -0.0134614 0.11269 -0.0547109 0.0206518 0.998289
0.051687 0.0100422 -0.110271 0.0971935 -0.0619993 -0.993333
0.0866967 0.00750422 -0.107516 0.315616 0.158747 -0.935514
0.402703 0.463407 -0.522633 0.605738 0.46773 0.643669
0.103629 0.403238 -0.355209 -0.258612 0.844144 0.469618
0.160739 0.437808 -0.393543 -0.171521 0.867386 0.467142
0.15848 0.36404 -0.266989 0.201744 0.806061 0.556385
0.122906 0.356319 -0.241361 -0.0891041 0.864403 0.494841
0.21667 0.466721 -0.434586 0.0403486 0.821304 0.569062
0.225085 0.443719 -0.402236 0.170116 0.780109 0.602072
0.32437 -0.154659 -0.137175 0.976546 -0.00780366 -0.215167
0.0397619 0.107998 -0.0304994 -0.39674 0.207296 0.894218
0.101499 0.34392 -0.386794 0.159987 -0.775958 -0.610159
0.127374 0.341131 -0.36508 0.282389 -0.81809 -0.500984
0.367669 0.164186 -0.288978 -0.268264 -0.518063 -0.812185
0.368142 0.0720621 -0.23837 -0.256182 -0.442938 -0.859172
0.319025 0.0206491 -0.194081 -0.417146 -0.176141 -0.891607
0.275255 -0.232979 -0.15507 -0.67705 -0.344628 -0.650257
0.293225 -0.231322 -0.0990808 0.572295 -0.518236 0.635539
0.321552 -0.244996 -0.123721 0.743122 -0.504971 0.439061
0.310315 -0.208405 -0.0905529 0.582242 -0.38064 0.718406
0.239661 -0.0105993 -0.0549282 0.703089 0.370924 0.606697
0.23372 -0.152533 -0.136126 -0.429832 -0.110549 -0.896115
0.0228721 0.0136993 -0.120718 0.438137 0.243101 -0.865412
0.0822651 0.0751476 -0.023948 0.195259 0.440536 0.876243
0.327233 -0.217027 -0.136726 0.840553 -0.18489 -0.509202
0.282076 -0.20236 -0.160735 -0.360631 0.00738078 -0.932679
0.299983 -0.214943 -0.164189 0.104112 -0.0992709 -0.989599
0.132743 0.101236 -0.137543 -0.0759673 -0.394778 -0.915631
0.086132 0.0684358 -0.125725 0.0702497 -0.426844 -0.901592
0.0681923 0.0959741 -0.142677 -0.0478611 -0.331167 -0.942357
0.196487 0.210787 -0.232848 -0.404586 -0.610964 -0.680466
0.244308 0.288094 -0.333406 -0.332697 -0.689675 -0.643165
0.347624 0.00754109 -0.155345 0.736901 0.0346292 0.675114
0.333668 0.0764726 -0.157871 0.76593 0.136973 0.628164
0.15874 0.402704 -0.340552 -0.0561182 0.852605 0.519534
0.214577 0.407915 -0.348915 0.229896 0.78196 0.579385
0.2741 0.386719 -0.365098 0.475033 0.665322 0.575926
0.0990166 0.256216 -0.120525 0.182524 0.558948 0.808865
0.136878 0.400496 -0.455444 -0.0904912 -0.785561 -0.612131
0.257417 0.351402 -0.416092 -0.355081 -0.73621 -0.576119
0.159764 0.0203268 0.115127 -0.203503 -0.217126 0.954695
0.29474 -0.0787105 0.0922899 0.638694 0.340934 -0.689807
0.180485 0.0426089 0.136227 -0.314528 -0.322843 0.892662
0.208914 0.0776853 0.152732 -0.205057 -0.270193 0.940717
0.184046 0.133282 0.163313 -0.287804 -0.545642 0.787048
0.163191 0.252912 0.25888 -0.266086 -0.629591 0.729941
0.199703 0.204746 0.234265 -0.439388 -0.584952 0.68174
0.0970372 0.377915 0.427442 -0.558694 -0.428926 0.709847
0.269447 0.0214946 0.0990036 0.614141 0.0892582 -0.784133
0.226022 0.0623053 0.0711352 0.494779 0.248492 -0.832734
0.194179 0.0415215 0.0473943 0.525883 0.453174 -0.719778
0.219681 0.508417 0.516102 -0.224596 0.78727 -0.574249
0.220141 0.357329 0.269826 0.324871 0.734884 -0.595318
0.25402 0.336869 0.288036 0.565618 0.806865 -0.170428
0.0796366 0.180009 0.0713206 -0.0015681 0.486069 -0.873919
0.0682371 0.349082 0.282862 -0.377641 0.831654 -0.40711
0.0911333 0.366902 0.3115 -0.284155 0.850525 -0.442565
0.0562271 0.01714 0.100172 0.144682 -0.0974373 0.984669
0.083609 0.0317503 0.108205 0.0984615 -0.516289 0.850736
0.0594565 -0.00978844 0.112398 0.143124 0.415503 0.898261
0.210871 0.474159 0.440458 -0.14145 0.907489 -0.395544
0.321444 0.283997 0.300085 0.682426 0.576665 -0.449168
-0.030115 0.0934307 0.123187 -0.865179 0.0203193 0.501051
-0.0332091 0.0719963 0.119401 -0.784697 0.302658 0.540971
0.28846 -0.248179 0.0991879 0.612612 -0.288929 -0.735681
0.279711 -0.229475 0.0822425 0.906067 -0.18532 -0.380394
0.135354 -0.0700902 0.129162 -0.295007 0.0975527 0.950502
0.378585 0.367103 -0.439957 0.598665 0.528632 0.601788
0.436307 0.367151 -0.506414 0.902587 -0.389898 -0.182526
0.278683 0.305908 -0.394478 -0.295169 -0.710922 -0.63833
0.104317 0.374922 -0.302187 -0.223138 0.889095 0.39965
0.207797 0.477835 -0.449545 -0.0617494 0.825175 0.561492
0.221439 0.518405 -0.502976 -0.0898917 0.74263 0.663642
0.26565 0.0340676 -0.166397 -0.472264 -0.211787 -0.855636
0.223929 0.0575196 -0.147358 -0.432678 -0.289381 -0.853843
0.323697 -0.155118 -0.149819 0.788508 -0.187358 -0.585792
0.310561 -0.174659 -0.157087 0.537014 -0.0176565 -0.843388
0.269575 -0.167476 -0.154606 -0.225699 -0.168715 -0.959477
0.327597 -0.169984 -0.142107 0.758015 -0.0577699 -0.649673
0.02195 0.0365684 -0.116907 0.190578 -0.218215 -0.957111
0.277527 -0.184043 -0.154917 -0.180422 0.0191545 -0.983403
0.181661 0.0761932 -0.141401 -0.333071 -0.321686 -0.88633
0.187771 0.131275 -0.159899 -0.387195 -0.471668 -0.792218
0.262393 0.626611 -0.610333 -0.488539 0.794784 0.360067
0.36923 0.313534 -0.428679 -0.264848 -0.652436 -0.710058
0.0515547 0.0448968 -0.12115 0.100266 -0.300472 -0.948506
0.221701 -0.099593 0.134583 -0.404227 -0.0870714 0.910505
0.186248 0.0215635 0.0182544 0.497092 0.515647 -0.697859
0.302569 -0.0972553 0.17156 0.0644862 -0.216006 0.97426
-0.0074981 0.145277 0.140969 -0.883268 0.116122 0.454262
0.299254 -0.0151386 0.122317 0.683901 -0.0867668 -0.724397
0.241642 -0.448666 0.100689 0.0658867 -0.829326 -0.554867
0.234119 -0.448855 0.123736 -0.0958842 -0.9937 0.0580289
0.212235 -0.440058 0.100641 -0.349814 -0.831937 -0.430709
0.218279 -0.385027 0.0864648 0.364344 0.893489 -0.262546
0.224945 -0.401588 0.086613 0.707962 0.565386 -0.423236
0.219043 -0.400474 0.071425 0.593971 0.622581 -0.509501
0.219773 -0.408069 0.0696643 0.426099 0.065633 -0.902293
0.201485 -0.384684 0.0752926 0.474797 0.779545 -0.408506
0.258085 -0.437712 0.107765 0.624598 -0.040854 -0.779877
0.237205 -0.408508 0.0871417 0.607945 0.249079 -0.753898
0.249184 -0.413439 0.0959704 0.795895 0.603584 -0.0473027
0.246095 -0.430605 0.154564 0.388486 -0.535498 0.74988
0.248998 -0.424127 0.149092 0.921301 0.34098 0.186916
0.232261 -0.416197 0.160076 0.478103 -0.259175 0.839194
0.223138 -0.398451 0.141724 0.836369 0.547825 -0.0193795
0.240418 -0.414484 0.147897 0.802563 0.442916 -0.399646
0.231178 -0.412457 0.124089 0.766117 0.603769 0.220292
0.123451 -0.340156 0.135576 0.640721 0.751439 0.157528
0.161301 -0.378849 0.140659 0.619904 0.780331 -0.0824738
0.127082 -0.345399 0.129106 0.470317 0.394069 0.789627
0.0900881 -0.361827 -0.119313 -0.719028 -0.465229 0.516294
0.0917316 -0.375519 -0.123173 -0.783322 -0.604663 0.144186
0.120063 -0.405217 -0.102194 -0.648463 -0.609912 0.455525
0.223721 -0.420781 -0.0784805 0.324154 -0.510553 0.796404
0.219506 -0.406807 -0.0663556 0.424897 -0.00919587 0.905195
0.203819 -0.416516 -0.0618371 0.0231192 -0.482722 0.875469
0.204058 -0.387482 -0.0910862 0.297221 0.94693 -0.122406
0.21518 -0.392717 -0.0826226 0.46292 0.875243 0.140196
0.211187 -0.389742 -0.107793 0.57318 0.801209 -0.171841
0.217026 -0.403607 -0.110468 0.82653 0.536065 -0.171703
0.240107 -0.448775 -0.130937 -0.187883 -0.860456 -0.47362
0.238269 -0.454072 -0.108955 -0.167669 -0.985836 -0.00388247
0.213819 -0.434796 -0.131758 -0.210123 -0.866918 -0.451997
0.217496 -0.418653 -0.170086 0.425526 0.282472 -0.859731
0.24343 -0.425457 -0.162877 -0.051778 -0.725972 -0.685773
0.213939 -0.415646 -0.166985 -0.149592 -0.852206 -0.501365
0.196987 -0.377762 -0.148033 0.457824 0.705487 -0.541004
0.17838 -0.367721 -0.139579 0.15261 0.87698 -0.45565
0.170591 -0.376968 -0.148445 0.498813 0.861519 -0.0947139
0.154535 -0.364061 -0.14085 0.530153 0.847115 0.0365285
0.221834 -0.389935 -0.134602 0.718277 0.695228 -0.0271397
0.235678 -0.414114 -0.125087 0.70139 0.65606 0.278635
0.241061 -0.421596 -0.136059 0.758696 0.644144 -0.0972557
0.212323 -0.388847 -0.150986 0.409468 0.873183 -0.26436
0.229588 -0.40421 -0.152184 0.695626 0.594884 -0.402762
0.216039 -0.39848 -0.160847 0.558487 0.583161 -0.589929
0.198402 -0.386446 -0.169483 0.559539 0.626716 -0.54235
0.207709 -0.422549 -0.156209 -0.0997419 -0.853956 -0.510696
0.189332 -0.431335 -0.137579 -0.274558 -0.903808 -0.32825
0.196501 -0.432804 -0.111541 -0.498513 -0.865938 0.0404432
0.17409 -0.421791 -0.143149 -0.325541 -0.926113 -0.190623
0.262082 -0.446385 -0.108082 0.631802 0.736567 0.241445
0.228511 -0.409838 -0.117479 0.702143 0.702527 0.115984
0.240865 -0.420157 -0.0861236 0.563717 -0.270439 0.78044
0.244223 -0.427565 -0.0836568 0.920694 -0.256897 0.293813
0.241474 -0.408534 -0.0797095 0.802634 0.471866 0.364856
0.232049 -0.414643 -0.0925258 0.74825 0.598111 -0.287029
0.0846741 -0.358655 0.136714 -0.520399 0.0583382 0.851928
0.131808 -0.377985 0.168597 -0.523373 -0.200851 0.828094
0.0985365 -0.345289 0.14082 -0.413941 0.356768 0.837478
0.11037 -0.342901 0.140789 -0.517713 0.156155 0.841183
0.238431 -0.439863 0.139747 0.11623 -0.861083 0.495001
0.219916 -0.445746 0.139374 -0.181385 -0.860637 0.475819
0.179056 -0.377862 0.085937 0.380357 0.914526 -0.137737
0.176094 -0.377351 0.0752166 0.225168 0.79746 -0.559783
0.164994 -0.392692 0.0627584 0.0686218 0.266428 -0.961409
0.150613 -0.369033 0.0705727 0.412306 0.753976 -0.511394
0.235215 -0.420474 0.0833737 0.0948648 -0.64449 -0.758705
0.212121 -0.4155 0.0690516 -0.131934 -0.777712 -0.61462
0.231558 -0.402012 0.153086 0.676097 0.693942 0.247666
0.0919962 -0.37861 0.105537 -0.757551 -0.400617 -0.515385
0.118415 -0.408777 0.100823 -0.569009 -0.781463 -0.256018
0.0893375 -0.374149 0.124306 -0.750699 -0.594551 0.288028
0.272849 -0.439703 0.120108 0.887333 -0.427111 -0.173828
0.254473 -0.430991 0.103664 0.652411 -0.377689 -0.657047
0.124912 -0.336708 0.112306 0.345953 0.430339 -0.833741
0.189303 -0.405848 0.166202 -0.199166 -0.440459 0.875402
0.20506 -0.416985 0.160647 -0.127677 -0.796009 0.591666
0.219059 -0.414644 0.172837 -0.0652316 -0.493292 0.867414
0.171334 -0.391299 0.175067 0.1082 0.376785 0.91996
0.20414 -0.387426 0.163804 0.192916 0.831176 0.52147
0.175058 -0.384028 0.157589 0.321035 0.784116 0.531129
0.183613 -0.378147 0.157786 0.155866 0.930911 0.330319
0.146495 -0.37311 0.165537 0.328338 0.730451 0.598862
0.235172 -0.438405 -0.0897575 0.316753 -0.627042 0.711678
0.218695 -0.446995 -0.0962574 -0.29566 -0.86398 0.407584
0.155109 -0.405322 -0.0808591 -0.328208 -0.767413 0.550778
0.188037 -0.404736 -0.0664917 -0.295644 -0.707821 0.641548
0.164524 -0.395902 -0.0575073 -0.28705 -0.457505 0.8416
0.170595 -0.387163 -0.0663246 0.0903779 0.574021 0.813838
0.135832 -0.383418 -0.0719153 -0.486204 0.0231201 0.87354
0.12067 -0.35487 -0.0973353 0.0207812 0.526834 0.849714
0.118924 -0.33618 -0.0962151 -0.167983 0.0506151 0.98449
0.100591 -0.360183 -0.138716 -0.137283 0.257905 -0.956367
0.0964664 -0.37439 -0.137762 -0.592753 -0.312204 -0.74241
0.172732 -0.392694 -0.179001 0.211572 0.541626 -0.813559
0.189819 -0.405972 -0.177137 -0.137181 -0.703062 -0.697772
0.160227 -0.391956 -0.179045 -0.387988 -0.60771 -0.692932
0.165171 -0.41361 -0.157266 -0.407629 -0.714674 -0.568401
0.133366 -0.3853 -0.161406 -0.647417 -0.493551 -0.58074
0.110451 -0.344896 -0.140573 0.0652107 0.623234 -0.779312
0.0976639 -0.346045 -0.144207 -0.5734 -0.0533147 -0.817539
0.10902 -0.359891 -0.136872 -0.731835 -0.332053 -0.595113
0.246288 -0.435947 -0.15264 0.160835 -0.780076 -0.60466
0.253882 -0.438619 -0.131147 0.763259 -0.187025 -0.618431
0.26647 -0.441718 -0.109382 0.960457 -0.158775 -0.228721
0.253624 -0.438588 -0.0989427 0.543826 -0.419749 0.72668
0.0897355 -0.357941 -0.104392 -0.67015 -0.195364 0.716053
0.108201 -0.333584 0.150625 0.191216 0.627795 0.754526
0.161689 -0.408046 0.153266 -0.396358 -0.6777 0.619373
0.162714 -0.394986 0.172088 -0.226513 -0.637661 0.736261
0.0939292 -0.357073 0.141473 -0.728723 -0.516333 0.449848
0.121035 -0.343726 0.100204 0.634145 0.720933 -0.279493
0.10967 -0.329321 0.100278 0.342077 0.638235 -0.689666
0.189186 -0.401306 0.0663888 -0.284101 -0.799192 -0.529697
0.160001 -0.392392 0.0665227 -0.179973 -0.590113 -0.787005
0.153283 -0.412698 0.0764759 -0.15056 -0.63601 -0.756851
0.138349 -0.390737 0.0729062 -0.43777 -0.231416 -0.868795
0.238743 -0.429453 0.0845696 0.462512 -0.393238 -0.794636
0.177292 -0.422385 0.0946154 -0.14845 -0.907975 -0.391847
0.156267 -0.416268 0.0866739 -0.259373 -0.918947 -0.297089
0.145703 -0.422409 0.117651 -0.265007 -0.96423 0.00562664
0.105931 -0.342098 0.0897724 -0.383326 0.15214 -0.910996
0.199285 -0.381901 0.108201 0.489346 0.867255 -0.0916966
0.174685 -0.369792 0.0909864 0.389107 0.915427 -0.102906
0.14981 -0.363321 0.0952494 0.336942 0.743348 -0.577845
0.113712 -0.395037 0.139033 -0.572132 -0.678409 0.460898
0.197394 -0.376487 0.144076 0.246937 0.969031 -0.000474362
0.212697 -0.383032 0.150455 0.673167 0.739397 -0.0117099
0.209574 -0.39593 0.142166 0.400678 0.759145 0.512988
0.205381 -0.437451 -0.0974439 -0.31644 -0.894135 0.316841
0.200001 -0.42348 -0.076021 -0.291515 -0.758437 0.582917
0.180073 -0.430267 -0.0928326 -0.316821 -0.880178 0.353427
0.107433 -0.349944 -0.0951554 -0.624884 -0.0631131 0.778162
0.104682 -0.351412 -0.0963325 0.412236 0.825577 0.385336
0.138766 -0.338586 -0.0991994 0.555883 0.564855 0.609862
0.153545 -0.416249 -0.143042 -0.28734 -0.838314 -0.46332
0.141094 -0.422631 -0.126157 -0.35846 -0.933341 -0.0195328
0.116753 -0.405812 -0.132967 -0.591902 -0.681771 -0.429929
0.254489 -0.432853 -0.125992 0.834393 0.361347 -0.416193
0.212969 -0.39357 -0.145282 0.635088 0.673283 -0.37862
0.132837 -0.335264 -0.139044 0.375791 0.803093 -0.46241
0.159051 -0.368654 -0.160513 0.200168 0.745328 -0.635939
0.173595 -0.376228 -0.0810714 0.300139 0.942295 -0.148311
0.171326 -0.380713 -0.095182 0.378945 0.909308 0.171932
0.154648 -0.372622 -0.0715023 0.33918 0.936833 0.0854435
0.147938 -0.41611 -0.0981521 -0.436839 -0.798656 0.413909
0.176552 -0.382073 0.136995 0.0345513 0.998361 -0.0456241
0.220146 -0.400931 0.174267 0.58696 0.332719 0.73809
0.257394 -0.444779 0.128212 0.453765 -0.684816 0.570197
0.103594 -0.364072 0.083733 -0.579273 -0.0821825 -0.81098
0.0947633 -0.363323 0.105004 -0.755412 -0.30966 -0.577462
0.199455 -0.41964 0.0891388 -0.296216 -0.781249 -0.54946
0.190759 -0.426329 0.103936 -0.254255 -0.84307 -0.473906
0.188358 -0.438091 0.124141 -0.486027 -0.868075 0.101113
0.227619 -0.395867 0.105548 0.604329 0.785457 0.133578
0.209038 -0.38713 0.099797 0.172995 0.984377 -0.0327922
0.180335 -0.423753 0.142482 -0.15729 -0.974672 0.15898
0.14741 -0.415018 0.133957 -0.429568 -0.808559 0.402125
0.256377 -0.435159 0.131869 0.580864 0.590406 0.560373
0.211519 -0.395369 -0.0680342 0.466094 0.701299 0.539384
0.198583 -0.386331 -0.0708875 0.239639 0.800578 0.549224
0.235692 -0.420218 -0.155693 0.869952 0.489665 0.0584053
0.236255 -0.413586 -0.151111 0.870696 0.416276 -0.261921
0.181911 -0.37297 -0.162393 0.371027 0.793721 -0.482023
0.173665 -0.377863 -0.079371 0.280589 0.812605 0.510826
0.244103 -0.416207 0.124998 0.694361 0.640815 0.327444
0.216622 -0.39931 0.168175 0.563833 0.776833 0.280397
0.205317 -0.429855 0.146391 -0.399702 -0.718719 0.56893
0.238209 -0.418492 0.0804168 0.811128 0.275632 -0.515848
-0.361753 0.280856 0.0338543 -0.907474 0.202597 0.36803
-0.359065 0.307027 0.0136898 -0.884739 0.365263 0.289516
-0.366597 0.288189 0.0158158 -0.861627 0.3293 0.386212
-0.373784 0.292251 0.000109001 -0.897077 0.436513 0.0686236
-0.375336 0.263241 0.0142339 -0.903801 0.21166 0.371947
-0.315231 0.319604 0.0416612 -0.271569 0.702142 0.658215
-0.342734 0.318768 0.0370747 -0.533995 0.560041 0.633406
-0.335686 0.30936 0.0396081 -0.417804 0.475338 0.774269
-0.259128 0.233755 0.0725452 -0.0258147 0.0478013 0.998523
-0.260523 0.254898 0.0561858 0.1627 0.425755 0.890091
-0.271071 0.247926 0.0631486 -0.0840875 0.146775 0.985589
-0.272764 0.223309 0.070701 0.16746 0.258817 0.9513
-0.250085 0.209249 0.0611932 0.15933 0.345658 0.924735
-0.252724 0.211258 0.0648881 0.169892 -0.128551 0.977042
-0.242765 0.216991 0.0590268 0.289249 -0.220587 0.931491
-0.148179 0.243792 0.00777545 0.871522 0.379032 0.311102
-0.167253 0.289122 -0.00693637 0.810148 0.568256 0.144036
-0.176473 0.279376 0.013115 0.75825 0.490128 0.42992
-0.19617 0.313748 0.0121907 0.740449 0.643812 0.19298
-0.181494 0.27903 0.0306016 0.771427 0.444905 0.454928
-0.174469 0.165985 0.0406285 0.41897 0.109237 0.901405
-0.175461 0.191123 0.037014 0.415136 0.015937 0.90962
-0.184925 0.168861 0.0489989 0.53606 0.0540676 0.842446
-0.266016 0.167437 0.031502 -0.354868 -0.676314 0.645498
-0.253977 0.173571 0.0419472 -0.264195 -0.558469 0.786329
-0.278375 0.177369 0.0400098 0.0789977 -0.683937 0.725251
-0.244886 0.155262 0.0379171 -0.409147 -0.369815 0.834168
-0.254514 0.15597 0.0230494 -0.487874 -0.635775 0.598138
-0.262111 0.156809 0.0246247 -0.604638 0.353272 0.713871
-0.260751 0.150989 0.0185815 -0.685181 -0.727448 0.0367043
-0.262459 0.142973 0.0302844 -0.872214 0.28154 0.399972
-0.356064 0.281944 -0.0421686 -0.854038 0.228312 -0.467431
-0.345988 0.29181 -0.0487358 -0.642548 0.354418 -0.679353
-0.355636 0.277721 -0.043458 -0.499549 -0.160634 -0.851262
-0.287505 0.33252 -0.0360275 -0.135349 0.934786 -0.328414
-0.255627 0.331338 -0.0411985 0.209268 0.557862 -0.803117
-0.299621 0.331981 -0.0408392 -0.0317302 0.636579 -0.770558
-0.294183 0.314071 -0.0522448 -0.0306257 0.470674 -0.881776
-0.334295 0.318824 -0.0468016 -0.276007 0.525902 -0.804517
-0.250906 0.256421 -0.0535849 -0.0258486 0.022365 -0.999416
-0.265445 0.255481 -0.0593804 0.330452 0.240983 -0.91254
-0.259107 0.269214 -0.0573742 0.268218 0.139564 -0.953195
-0.340601 0.22338 -0.0536993 -0.458486 -0.077322 -0.885332
-0.335098 0.21368 -0.0558737 -0.360535 0.0374837 -0.931992
-0.353403 0.226119 -0.045521 -0.607442 -0.728129 -0.317558
-0.249315 0.190717 -0.0646777 -0.0138855 -0.446661 -0.894596
-0.273605 0.199557 -0.0575785 0.171149 -0.662011 -0.729691
-0.255197 0.204792 -0.0570432 0.108738 -0.126326 -0.986011
-0.160417 0.258925 -0.0213028 0.733211 0.0518886 -0.678019
-0.148348 0.22717 0.00164201 0.952663 -0.0376284 -0.301691
-0.159827 0.226505 -0.00503007 0.897833 0.161934 -0.40948
-0.150325 0.196185 -0.0178772 0.968916 0.141084 -0.203218
-0.155606 0.21447 -0.0297748 0.807728 0.277013 -0.520423
-0.186002 0.115483 -0.0541945 0.223249 0.0103389 -0.974707
-0.174675 0.138753 -0.039657 0.675597 0.0379492 -0.736293
-0.178671 0.112924 -0.0427873 0.878028 -0.105908 -0.466745
-0.190135 0.195394 -0.0552635 0.373305 -0.118044 -0.920168
-0.186255 0.169918 -0.0487985 0.641129 -0.0123084 -0.767334
-0.198516 0.177487 -0.0573676 0.290287 -0.0282131 -0.956524
-0.266749 0.120335 -0.0218252 -0.83853 0.463589 -0.286275
-0.268094 0.123515 -0.0208568 -0.645192 0.259742 -0.718513
-0.262299 0.142087 -0.0245239 -0.789231 0.38401 -0.479219
-0.273779 0.148972 -0.00364806 -0.647709 -0.751753 -0.123857
-0.274692 0.156273 -0.00354974 -0.527382 -0.234953 -0.816496
-0.26969 0.15302 -0.00952588 -0.901057 0.295564 -0.317392
-0.280848 0.172999 -0.00771751 -0.455734 -0.695066 -0.556049
-0.294742 0.17407 -0.00337978 -0.0452942 -0.998916 -0.0107022
-0.26479 0.162537 -0.0198181 -0.370298 -0.923618 0.0990389
-0.177403 0.117635 -0.0323612 0.556884 0.176735 -0.811569
-0.167941 0.140925 -0.0311408 0.465679 -0.0841867 -0.88094
-0.161949 0.119387 -0.0236562 0.887862 -0.0157611 -0.45984
-0.14757 0.148978 -0.0173201 0.962981 -0.118994 -0.241882
-0.158378 0.164935 -0.0259897 0.743459 -0.0590788 -0.666167
-0.153454 0.175975 -0.0127214 0.954951 -0.0678045 -0.288915
-0.293184 0.34614 0.00784116 -0.062932 0.981388 0.181432
-0.242793 0.345174 -0.015437 0.215674 0.954356 -0.206616
-0.286213 0.344885 -0.0128565 -0.149292 0.93709 -0.315553
-0.328194 0.331172 -0.0148776 -0.360113 0.909043 -0.209664
-0.304309 0.201448 -0.0651208 -0.149281 -0.343778 -0.927109
-0.313857 0.210568 -0.0653791 -0.240013 0.0585834 -0.969
-0.300668 0.219454 -0.0713147 -0.0299253 0.423422 -0.905438
-0.317314 0.258978 -0.0522668 -0.157826 0.0921717 -0.983156
-0.304283 0.24149 -0.0590703 -0.451148 0.0981205 -0.887039
-0.318711 0.249979 -0.0480795 0.109081 0.139311 -0.984222
-0.325414 0.243072 -0.0620406 -0.0914701 0.267209 -0.959288
-0.324696 0.264927 -0.0511269 -0.324862 0.146789 -0.934301
-0.348934 0.267628 -0.0391864 -0.268693 -0.086171 -0.959364
-0.332931 0.272591 -0.0540966 -0.173771 -0.301104 -0.937625
-0.229378 0.114033 0.0631397 -0.176361 0.136819 0.97477
-0.239462 0.143881 0.052312 -0.521829 0.210323 0.826716
-0.248292 0.122926 0.0468755 -0.526298 0.1804 0.830943
-0.267968 0.117032 0.0445193 -0.570458 0.391483 0.722024
-0.241614 0.172041 0.0489741 -0.0810697 -0.461289 0.883538
-0.240565 0.163945 0.0426815 -0.505137 -0.0378361 0.862209
-0.177068 0.116351 0.0371501 0.586738 -0.0387779 0.808848
-0.178392 0.10494 0.0446855 0.845814 -0.20061 0.494323
-0.161883 0.1859 0.0403774 0.324556 -0.0809521 0.942396
-0.166234 0.165755 0.0331655 0.516591 -0.0940314 0.851053
-0.154446 0.164871 0.0301941 0.639342 -0.142667 0.755572
-0.181037 0.215358 0.0399886 0.221421 0.0272544 0.974797
-0.165279 0.214158 0.0394302 0.284222 0.0412937 0.957869
-0.155723 0.224953 0.0383294 0.763405 0.264637 0.58922
-0.170323 0.246093 0.0335818 0.534178 0.265654 0.802547
-0.298162 0.219249 0.0687455 -0.0629709 0.0200812 0.997813
-0.291963 0.233888 0.0598222 0.0880901 0.217986 0.971968
-0.202405 0.260485 0.0431229 0.226623 0.212841 0.950442
-0.211762 0.255868 0.0455459 0.275548 -0.0516774 0.959897
-0.193086 0.236736 0.0438407 0.391209 0.224659 0.892459
-0.236547 0.282318 0.0622477 0.185949 -0.00901396 0.982518
-0.244953 0.298226 0.0482945 0.405535 0.66219 0.630116
-0.25075 0.304638 0.0498506 0.279015 0.308106 0.909517
-0.262856 0.305541 0.0562578 0.11654 -0.0344512 0.992588
-0.255818 0.291512 0.0528603 0.0313714 -0.0932848 0.995145
-0.360362 0.263178 0.037011 0.260608 -0.75017 0.607724
-0.353979 0.26868 0.0435953 -0.309652 -0.222708 0.924401
-0.355041 0.267498 0.0472812 -0.463772 -0.114674 0.878502
-0.312435 0.284663 0.0459483 -0.574072 -0.0181627 0.818603
-0.306606 0.30173 0.0562466 -0.31262 0.202449 0.928053
-0.316049 0.286914 0.0473215 -0.0243373 0.0471897 0.998589
-0.335791 0.300403 0.049718 -0.0920031 0.312675 0.945394
-0.332115 0.274615 0.0513393 -0.0823069 0.0930189 0.992257
-0.292464 0.247031 0.063311 -0.0873744 0.203283 0.975214
-0.283904 0.262642 0.0504676 -0.154091 0.545675 0.823708
-0.301539 0.243164 0.063439 -0.158271 0.255211 0.953844
-0.335641 0.216435 0.05461 -0.539949 -0.309452 0.782748
-0.319151 0.208958 0.0625314 -0.343921 -0.270209 0.89928
-0.335744 0.227279 0.0575668 -0.491567 0.0867464 0.866508
-0.324124 0.239735 0.0557081 -0.268114 0.0937255 0.958817
-0.344157 0.230551 0.0492607 -0.442356 -0.267391 0.856051
-0.222407 0.199604 0.0637037 0.243261 0.317618 0.916484
-0.203565 0.190661 0.0544463 0.394113 0.0717868 0.916254
-0.202937 0.212847 0.0535025 0.307771 0.18575 0.933153
-0.196138 0.210386 0.0501328 0.437001 -0.0399241 0.898575
-0.209186 0.214988 0.0557381 0.184351 -0.06845 0.980474
-0.15946 0.145019 0.0320402 0.750856 -0.100769 0.652734
-0.157682 0.168054 0.0254571 0.960381 -0.157132 0.230171
-0.303962 0.180737 0.0528356 0.0784685 -0.42836 0.900195
-0.291998 0.175218 0.0470059 -0.184631 -0.906466 0.379777
-0.311014 0.182147 0.0390558 -0.15126 -0.870206 0.468894
-0.295314 0.170679 0.0293914 -0.209795 -0.937451 0.277798
-0.275531 0.166724 0.0118182 -0.831833 -0.37611 0.408161
-0.281854 0.161739 -0.00282082 -0.95387 -0.297595 -0.0396118
-0.277678 0.147091 0.0142714 -0.730629 -0.629045 0.265489
-0.264083 0.152651 0.00523446 -0.169412 -0.951591 0.256464
-0.261667 0.146023 0.00963101 -0.85673 0.376775 0.352214
-0.357679 0.250573 -0.0448411 -0.329614 0.138974 -0.933831
-0.350057 0.318263 -0.0299589 -0.836999 0.521052 -0.167144
-0.339174 0.305336 -0.044943 -0.643271 0.294551 -0.706712
-0.227256 0.326807 -0.0254374 0.624719 0.623044 -0.470683
-0.226571 0.314492 -0.0388128 0.4534 0.654115 -0.605444
-0.293335 0.197055 -0.0554834 0.0768655 -0.844691 -0.529706
-0.289941 0.195934 -0.0641693 0.104752 -0.711286 -0.695054
-0.315513 0.200532 -0.0604297 -0.391508 -0.163535 -0.905526
-0.177941 0.213948 -0.0375533 0.497918 0.12516 -0.858145
-0.175717 0.188565 -0.0386767 0.60843 -0.00462784 -0.793594
-0.18451 0.223124 -0.047835 0.775783 0.101612 -0.622765
-0.188954 0.224515 -0.0574169 0.58891 0.249519 -0.768717
-0.194616 0.238027 -0.0471828 0.578189 0.427151 -0.695155
-0.179153 0.17033 -0.0378283 0.595302 -0.119983 -0.794493
-0.176893 0.158752 -0.0400101 0.756719 0.0657825 -0.650422
-0.299545 0.187576 -0.0455501 -0.0850712 -0.780418 -0.619444
-0.292534 0.180896 -0.0491508 -0.112071 -0.69754 -0.707728
-0.279861 0.17985 -0.0462587 -0.337874 -0.660364 -0.670642
-0.283507 0.1748 -0.030303 -0.0666729 -0.94415 -0.322699
-0.247108 0.155087 -0.0427553 -0.873481 0.178846 -0.452819
-0.238003 0.178713 -0.047666 -0.463359 -0.132589 -0.876195
-0.231473 0.164431 -0.0595725 -0.471143 -0.0496198 -0.88066
-0.216951 0.163107 -0.0606359 -0.0765044 -0.228362 -0.970566
-0.23301 0.146 -0.0466509 -0.310504 -0.0424542 -0.949624
-0.261346 0.123425 -0.0424428 -0.666923 0.497774 -0.554469
-0.206663 0.140625 -0.0553533 0.0386744 -0.115457 -0.992559
-0.258957 0.187571 -0.0570336 -0.00385232 -0.492884 -0.870087
-0.263225 0.159313 -0.033689 -0.266338 -0.808467 -0.524829
-0.16251 0.120409 -0.00983147 0.944498 -0.268659 -0.189066
-0.160012 0.125247 -0.00876744 0.722011 -0.112131 -0.682735
-0.149906 0.1186 -0.0034576 0.988747 0.143155 -0.0434251
-0.217121 0.328094 -0.00315314 0.528439 0.840383 -0.120451
-0.198667 0.310392 -0.00620554 0.489162 0.712752 -0.502698
-0.223614 0.324899 -0.0145742 0.637723 0.69857 -0.324513
-0.201369 0.21246 -0.062594 -0.0733707 0.0395144 -0.996522
-0.227759 0.200504 -0.0551358 -0.0627378 -0.15718 -0.985575
-0.20976 0.223311 -0.0534891 -0.00048703 0.0891456 -0.996018
-0.222029 0.262239 -0.0541509 0.287091 0.351548 -0.891062
-0.236303 0.283574 -0.0506589 0.0920828 0.212829 -0.972741
-0.207811 0.253414 -0.0530955 0.448562 0.245684 -0.859321
-0.255055 0.278881 -0.0591216 0.18841 0.445734 -0.875113
-0.231917 0.261694 -0.059307 0.0043061 -0.0108136 -0.999932
-0.268593 0.304733 -0.0549844 0.0352402 -0.0493776 -0.998158
-0.237198 0.308029 -0.0502254 0.158347 0.254806 -0.953939
-0.25126 0.299877 -0.0496057 0.0969778 -0.0602625 -0.99346
-0.264588 0.286806 -0.0504689 0.252224 0.284184 -0.924999
-0.362889 0.265992 -0.0417121 -0.510792 0.165714 -0.843582
-0.357869 0.273536 -0.026807 -0.825672 0.410165 -0.387337
-0.185051 0.115821 0.0470008 0.387561 0.0126635 0.921757
-0.199683 0.149695 0.0522656 0.225035 0.0114494 0.974283
-0.201686 0.110006 0.059332 0.286602 0.163956 0.943916
-0.268854 0.161692 0.0254212 -0.366592 -0.735284 0.570059
-0.164997 0.118313 0.0228254 0.941029 -0.273803 0.198736
-0.163918 0.112925 0.032381 0.850106 -0.224623 0.476303
-0.148293 0.166128 0.024019 0.928547 -0.00354844 0.371199
-0.153943 0.18852 0.014122 0.989489 -0.0160638 0.143715
-0.234208 0.231634 0.059561 0.279645 0.0960286 0.955289
-0.19031 0.275807 0.0404899 0.260485 0.285553 0.922283
-0.220485 0.300896 0.0306007 0.243972 0.293406 0.924333
-0.288629 0.295644 0.0549679 0.108446 -0.0558707 0.992531
-0.287992 0.299089 0.0532816 -0.104265 0.0586917 0.992816
-0.355946 0.284211 0.0473659 -0.610997 0.345919 0.712055
-0.343197 0.259551 0.0464791 -0.420551 0.124672 0.898662
-0.353147 0.249815 0.0433194 -0.763302 0.166433 0.624235
-0.291057 0.316408 0.0562893 -0.110615 0.510195 0.852916
-0.330134 0.250821 0.0571251 -0.194221 0.380889 0.903992
-0.315361 0.254687 0.0462905 -0.178444 0.391334 0.902782
-0.335509 0.254756 0.0529773 -0.130897 0.20282 0.970428
-0.320872 0.194513 0.0521178 -0.0871462 -0.249194 0.964525
-0.304077 0.193534 0.0540806 -0.140489 -0.446356 0.883758
-0.276424 0.197553 0.0610648 -0.0844246 -0.563848 0.821552
-0.300789 0.209514 0.0663734 -0.101666 -0.471925 0.875757
-0.281365 0.346014 0.026345 -0.185334 0.89977 0.39505
-0.253005 0.344518 0.0183732 0.221138 0.958756 0.178564
-0.288725 0.337226 0.0206441 -0.151504 0.936718 0.315603
-0.335095 0.337358 0.0118462 -0.214224 0.826898 0.51995
-0.154904 0.143649 0.00882727 0.909808 -0.25775 0.325291
-0.144355 0.171933 -0.00278955 0.976853 -0.172049 -0.127109
-0.28325 0.16557 0.0180487 -0.228876 -0.973419 -0.00846492
-0.297553 0.170348 0.00964149 -0.0716468 -0.994281 0.0791984
-0.304435 0.170203 0.0181328 -0.245251 -0.969126 -0.0254391
-0.294141 0.1655 0.00400043 -0.0690304 -0.993739 -0.0878523
-0.204071 0.174876 0.0592683 0.270993 -0.0224849 0.962319
-0.213169 0.16312 0.0571117 -0.234421 -0.10157 0.966815
-0.264028 0.129764 0.0307371 -0.805208 0.394437 0.442786
-0.346585 0.309908 -0.0205507 -0.751231 0.628451 -0.201748
-0.360132 0.300459 -0.0115602 -0.696981 0.640858 -0.321742
-0.348361 0.323263 0.00286843 -0.710031 0.61994 -0.333962
-0.221879 0.229652 -0.0586139 0.0568037 0.00595146 -0.998368
-0.205767 0.264514 -0.0407295 0.398772 0.0194269 -0.916844
-0.27 0.219125 -0.0574726 0.057538 0.109731 -0.992295
-0.290923 0.219752 -0.0620019 -0.28162 -0.0692772 -0.957022
-0.161599 0.18554 -0.032788 0.398945 -0.0572442 -0.915186
-0.167291 0.159648 -0.029453 0.423861 -0.132105 -0.896041
-0.256868 0.160859 -0.0272755 -0.292027 -0.880922 -0.37242
-0.231368 0.112034 -0.0528367 -0.0461173 0.242693 -0.969006
-0.223097 0.112142 -0.0522097 0.126557 0.0243934 -0.991659
-0.240285 0.125936 -0.0532301 -0.192212 0.288559 -0.93797
-0.173914 0.291414 -0.0166502 0.603402 0.599467 -0.525877
-0.181972 0.281663 -0.030107 0.641481 0.490274 -0.590029
-0.234222 0.218279 -0.0595973 0.146511 -0.0821192 -0.985795
-0.2535 0.221041 -0.0642771 0.178846 -0.109495 -0.977765
-0.263452 0.224748 -0.0694027 0.276331 0.0789558 -0.957814
-0.269892 0.240692 -0.0640692 0.0490801 0.305042 -0.951073
-0.210617 0.300886 -0.047078 0.507401 0.591238 -0.626883
-0.333116 0.296756 -0.0542035 -0.341103 0.142915 -0.929098
-0.271162 0.12199 0.0262055 -0.883293 0.420744 0.206804
-0.273973 0.122053 0.0133391 -0.814097 0.45858 0.356302
-0.278619 0.125328 0.00361082 -0.887421 0.446777 0.113467
-0.15999 0.123975 0.00656048 0.803937 -0.0576519 0.591914
-0.2139 0.327859 0.031946 0.355304 0.519195 0.7773
-0.233724 0.337343 0.0196345 0.432689 0.897496 0.0853292
-0.248943 0.196679 0.0611211 -0.122052 -0.679315 0.723626
-0.237958 0.196941 0.0688524 0.0038164 -0.182085 0.983275
-0.260175 0.275193 0.0504517 -0.345179 -0.312089 0.885128
-0.252778 0.254102 0.0597728 -0.14677 0.0487279 0.98797
-0.229675 0.244183 0.0562102 0.402987 0.40915 0.818656
-0.267377 0.324709 0.0328264 0.269508 0.691711 0.670001
-0.29627 0.330056 0.0392142 0.00570964 0.651621 0.758523
-0.350848 0.329087 0.0168617 -0.656093 0.696909 0.289587
-0.223632 0.256748 0.0407015 0.0547511 0.0132217 0.998412
-0.250749 0.277047 0.050869 0.417072 0.33426 0.845175
-0.147176 0.211829 0.0155627 0.999696 0.0241428 0.00493975
-0.172879 0.138208 0.0488619 0.463598 0.0310126 0.885503
-0.364832 0.291642 -0.0206767 -0.831462 0.205084 -0.516344
-0.368718 0.272195 -0.01448 -0.84848 0.31169 -0.427704
-0.289738 0.311472 -0.050214 0.0714577 0.204653 -0.976223
-0.289868 0.30045 -0.0544506 0.341059 -0.0524071 -0.93858
-0.309617 0.298546 -0.0608978 0.0668982 0.0273254 -0.997386
-0.19114 0.27681 -0.0456742 0.460523 0.0494215 -0.886271
-0.172698 0.24953 -0.0336941 0.320619 -0.0583541 -0.945409
-0.245742 0.188671 -0.0514024 0.0104369 -0.512421 -0.858671
-0.261584 0.161292 -0.0241655 -0.699894 0.0653999 -0.711246
-0.271082 0.140235 -0.0137067 -0.878381 0.188457 -0.439238
-0.273799 0.124822 -0.0169077 -0.773924 0.367247 -0.515918
-0.24699 0.150235 -0.0278873 -0.828758 0.258001 -0.496583
-0.306138 0.171675 -0.0226968 -0.0520607 -0.984766 -0.165907
-0.292215 0.170757 -0.0148675 -0.0408515 -0.991149 -0.126314
-0.173868 0.223508 -0.0369319 0.476221 0.129615 -0.86972
-0.283147 0.26259 -0.0566759 -0.162002 0.30541 -0.938339
-0.291224 0.240228 -0.0673389 -0.246622 0.238484 -0.93931
-0.317709 0.284803 -0.0564276 0.0118341 -0.277528 -0.960645
-0.309971 0.280056 -0.0480153 0.162592 -0.161012 -0.973467
-0.18381 0.218116 0.0459461 0.520655 0.0407805 0.852793
-0.235919 0.318675 0.0320406 0.194867 0.38439 0.90237
-0.475068 0.200633 0.00707924 -0.892319 0.368777 0.260328
-0.477772 0.196448 0.0057152 -0.474739 0.301818 0.826758
-0.472179 0.187423 0.0121653 -0.741078 -0.0591476 0.668809
-0.356207 0.212701 0.0398506 -0.434704 0.299664 0.849255
-0.370638 0.218671 0.0339434 -0.255548 0.272768 0.92752
-0.377612 0.204056 0.0397942 -0.271091 0.287486 0.918619
-0.394411 0.223583 0.028822 -0.187647 0.259319 0.947387
-0.378346 0.225419 0.0324655 -0.22341 0.121703 0.967097
-0.389274 0.241568 0.0255156 -0.374083 0.538926 0.754732
-0.403372 0.179756 0.038935 -0.0788051 -0.532552 0.842721
-0.365213 0.185833 0.0365816 -0.0896825 -0.180712 0.979439
-0.369134 0.188537 0.0448949 0.0972084 -0.396128 0.913035
-0.339797 0.195602 0.0426672 -0.164752 -0.439597 0.882956
-0.373162 0.197063 0.0377868 -0.168585 0.0916649 0.981416
-0.345874 0.221195 0.0441783 -0.550585 -0.0193765 0.834554
-0.353745 0.231755 0.0442331 -0.666701 -0.154155 0.729209
-0.393144 0.167769 0.008906 0.0983305 -0.990252 -0.0986467
-0.416395 0.164333 0.0198668 0.185434 -0.978287 0.0925661
-0.421147 0.165028 0.00428663 0.140057 -0.977288 -0.159033
-0.452579 0.163405 0.010253 0.143066 -0.988433 -0.0503309
-0.427539 0.162412 -0.00140147 0.212536 -0.908343 0.360195
-0.319127 0.17122 0.0330765 -0.124887 -0.978675 0.163091
-0.317884 0.176043 0.0140826 -0.0256035 -0.998362 -0.0511681
-0.33258 0.172061 0.0163127 0.169062 -0.982483 -0.0783892
-0.319088 0.172237 -0.00692859 0.0366597 -0.996497 0.0751618
-0.450417 0.212095 -0.015808 -0.396323 0.472395 -0.787255
-0.46914 0.200011 -0.0194264 -0.103389 0.26485 -0.958731
-0.460479 0.206422 -0.0195636 -0.184376 0.827217 -0.530771
-0.468342 0.201609 -0.0164412 -0.753052 0.317516 -0.576277
-0.469519 0.209814 -0.0196709 -0.0848983 0.654698 -0.751108
-0.362878 0.241029 -0.0348212 -0.743439 -0.223212 -0.630457
-0.374205 0.227681 -0.0281587 -0.283635 0.231068 -0.930676
-0.375623 0.249428 -0.0298519 -0.577015 -0.169238 -0.799007
-0.389348 0.190242 -0.0460793 -0.00614235 -0.207507 -0.978214
-0.41807 0.178975 -0.0354829 -0.133825 -0.61319 -0.778517
-0.420326 0.184723 -0.0319964 -0.328974 0.0163773 -0.944197
-0.367534 0.23319 -0.0380944 -0.795402 -0.0806251 -0.600696
-0.354201 0.228424 -0.0451692 -0.560297 -0.280442 -0.779371
-0.330967 0.198499 -0.0498226 -0.422323 -0.496112 -0.758628
-0.329363 0.198888 -0.0471807 -0.687762 -0.432579 -0.582975
-0.32458 0.186119 -0.0439346 -0.24897 -0.746119 -0.617512
-0.32906 0.195039 -0.0440346 0.133319 -0.448654 -0.883706
-0.339365 0.185025 -0.0437041 0.0969027 -0.57703 -0.810954
-0.335451 0.191931 -0.0485932 -0.07779 -0.562496 -0.823132
-0.456807 0.165521 -0.0186424 0.239137 -0.970921 -0.011217
-0.466363 0.154371 -0.0171949 -0.238331 -0.863399 -0.44468
-0.469458 0.163567 -0.0336129 -0.158494 -0.637762 -0.75375
-0.335826 0.176266 -0.0372951 -0.370082 -0.655877 -0.657925
-0.31477 0.180603 -0.0383021 0.110245 -0.651568 -0.750537
-0.323108 0.17037 -0.0344627 0.174782 -0.907833 -0.38117
-0.375451 0.174781 -0.0181462 0.0843763 -0.987058 -0.136372
-0.363752 0.167787 -0.0130951 -0.0602217 -0.899852 -0.432018
-0.375554 0.17105 -0.0117647 -0.064119 -0.997681 -0.0228117
-0.371667 0.174509 -0.00517616 -0.126598 -0.991827 -0.0158855
-0.395996 0.170453 -0.0106773 0.242328 -0.912655 0.329148
-0.484118 0.158101 -0.0068617 -0.582176 -0.811274 0.053904
-0.465056 0.160496 -0.0103818 -0.36531 -0.929745 -0.0460718
-0.472931 0.165281 -0.000730614 -0.237176 -0.911646 0.335634
-0.475983 0.170374 -0.00774416 -0.290532 -0.668011 -0.685093
-0.465342 0.170607 -0.0244177 -0.713975 0.552439 -0.430176
-0.482399 0.173654 -0.0100714 -0.113623 0.787078 -0.606298
-0.478307 0.170869 -0.0124555 -0.718787 -0.286615 -0.633401
-0.490327 0.173192 -0.00949246 -0.920464 -0.35954 0.153221
-0.375218 0.262059 -0.018607 -0.371987 0.919248 -0.128873
-0.376279 0.256299 -0.0219061 -0.527287 0.72199 -0.447994
-0.386942 0.262183 -0.00375659 -0.120066 0.862347 -0.491875
-0.370501 0.214354 -0.038605 0.131265 0.56312 -0.815883
-0.35272 0.206547 -0.0376077 -0.254056 0.263496 -0.930605
-0.37526 0.209472 -0.044165 -0.0879326 0.0488178 -0.994929
-0.466918 0.209931 -0.00574202 -0.626807 0.47805 -0.615289
-0.463246 0.2095 -0.000624851 -0.059714 0.944172 -0.323996
-0.465829 0.212754 -0.0129639 -0.709278 0.676054 0.19969
-0.459783 0.216088 -0.00778042 -0.324868 0.912955 -0.24693
-0.348936 0.163684 0.0255378 -0.195804 -0.951827 0.235979
-0.342978 0.172735 0.0197352 -0.0636467 -0.993045 -0.0990502
-0.363929 0.170257 0.0114761 0.0723647 -0.993769 0.0847677
-0.353682 0.171227 0.000814045 0.0666239 -0.985712 0.154704
-0.449294 0.15944 0.0312299 -0.0238013 -0.489932 0.871435
-0.423251 0.166763 0.0279286 0.0777745 0.0393378 0.996195
-0.334358 0.191067 0.0466922 -0.313464 0.2105 0.925975
-0.323952 0.183871 0.0475356 -0.0928897 -0.591168 0.801182
-0.332336 0.196212 0.0486031 -0.408398 -0.552672 0.726475
-0.334989 0.200406 0.0571727 -0.510916 -0.30196 0.804851
-0.341161 0.208137 0.0447489 -0.267752 -0.0910766 0.959174
-0.459604 0.170499 0.0214766 0.182505 -0.955383 0.23224
-0.445313 0.168572 0.0270079 0.00736967 -0.99468 0.102753
-0.46036 0.170859 0.0244631 -0.274778 -0.425303 0.862331
-0.429736 0.179007 0.0360036 -0.354935 -0.199027 0.91346
-0.449058 0.186239 0.0206255 -0.0783374 0.67789 0.730977
-0.424965 0.176831 0.0307856 -0.326306 0.433971 0.839758
-0.397055 0.250612 0.015534 -0.342532 0.924012 0.169924
-0.386656 0.255908 0.020633 -0.525061 0.848607 0.064625
-0.392945 0.24669 0.00922443 -0.418803 0.870389 0.258896
-0.392291 0.26201 0.0077251 -0.781395 0.57133 0.251007
-0.393353 0.254655 0.00227132 -0.540245 0.836737 0.0894793
-0.455542 0.212425 0.0187396 -0.437335 0.787894 0.433545
-0.462848 0.203693 0.0224968 -0.0719119 0.26716 0.960965
-0.455369 0.212378 0.0211255 -0.268836 0.610266 0.745186
-0.462704 0.189619 0.0175184 -0.785688 0.55631 0.270579
-0.482844 0.189674 0.00779307 -0.328759 0.893142 0.306946
-0.468011 0.214874 0.015024 -0.252732 0.901027 0.35253
-0.428947 0.222284 0.0230364 -0.198004 0.330561 0.922781
-0.4303 0.220891 0.0194275 -0.398901 0.848356 0.348096
-0.488027 0.182702 -0.00326162 -0.915203 0.307119 -0.260924
-0.485982 0.185537 0.0112819 -0.864719 -0.0465839 0.50009
-0.385453 0.263244 0.0120421 -0.587485 0.744124 0.318027
-0.370522 0.259244 0.0337094 -0.561227 0.126908 0.817874
-0.37671 0.262383 0.0138641 0.00124588 0.999386 0.0350233
-0.370171 0.264227 0.000627335 -0.894323 0.443426 -0.0596622
-0.380062 0.188038 0.0435428 -0.189277 0.790084 0.583045
-0.361887 0.178425 0.0398631 -0.0182125 -0.925458 0.378412
-0.356994 0.176699 0.0411323 -0.168524 0.443933 0.88007
-0.459598 0.164577 0.0231697 -0.533053 -0.113012 0.8385
-0.463461 0.168769 0.0180071 -0.64034 -0.401197 0.654985
-0.320378 0.180104 0.0414405 0.0937149 -0.731857 0.674984
-0.332419 0.17747 0.0362543 -0.00484834 -0.788873 0.614537
-0.410952 0.236034 -0.00590797 -0.41864 0.841114 -0.342444
-0.424605 0.234401 -0.021852 -0.511699 0.792055 -0.332886
-0.429847 0.234024 -0.00090665 -0.524048 0.796721 -0.301014
-0.426219 0.231538 0.00696462 -0.56655 0.701283 0.432693
-0.400402 0.246602 -0.0190696 -0.590454 0.772296 -0.234356
-0.405584 0.24516 -0.00465187 -0.622316 0.684601 -0.379531
-0.36887 0.260256 -0.0323967 -0.878621 0.26239 -0.398969
-0.370142 0.248144 -0.0366412 -0.565321 -0.0735978 -0.821581
-0.34233 0.210448 -0.054144 -0.591444 -0.335076 -0.733429
-0.347205 0.2231 -0.0481674 -0.590247 0.00795007 -0.807184
-0.454754 0.160962 -0.0103873 0.0987121 -0.993413 -0.0581979
-0.426088 0.16509 -0.0124095 0.107574 -0.977831 -0.179651
-0.425479 0.158729 -0.0027743 0.159479 -0.980449 -0.115264
-0.328293 0.167472 -0.0135053 0.101967 -0.989565 0.101802
-0.315832 0.172142 -0.0168457 0.2547 -0.966674 0.0258606
-0.394625 0.168722 -0.0226299 0.135549 -0.966306 -0.218814
-0.419421 0.164002 -0.0239825 0.215378 -0.963201 -0.1608
-0.485142 0.173602 -0.0148488 -0.699696 -0.414321 -0.582034
-0.481845 0.18506 -0.0124318 -0.77727 0.389489 -0.494116
-0.391126 0.222497 -0.0237628 -0.321963 0.815498 -0.48094
-0.404948 0.222742 -0.0229176 -0.0455146 0.449633 -0.892053
-0.391308 0.231026 -0.0211184 0.12926 -0.439532 -0.888878
-0.446115 0.192505 -0.0264464 -0.030702 0.668049 -0.743483
-0.458052 0.188607 -0.0317683 0.0455624 0.333123 -0.941782
-0.462873 0.200436 -0.0202658 -0.161084 0.717033 -0.67817
-0.46539 0.194035 -0.0188149 -0.655336 0.560798 -0.506005
-0.461528 0.161174 0.0054752 0.2393 -0.97094 -0.003357
-0.454366 0.157673 0.00583123 0.249358 -0.915482 -0.315774
-0.346168 0.221765 0.0524981 -0.43832 0.0630724 0.896603
-0.363548 0.250311 0.0324239 -0.289481 -0.133299 0.947856
-0.46732 0.177902 0.0298946 -0.293584 -0.757275 0.583389
-0.457132 0.187325 0.030175 -0.227986 -0.277318 0.933336
-0.46468 0.189269 0.0286798 0.102964 0.986168 0.129887
-0.366121 0.234353 0.0340528 -0.235343 -0.00713579 0.971886
-0.419951 0.191912 0.0336268 -0.320749 0.387757 0.864156
-0.404524 0.202105 0.0325347 -0.226221 0.475237 0.850279
-0.427916 0.199639 0.0243112 -0.277635 0.307621 0.910103
-0.415467 0.205567 0.0267736 -0.157762 -0.059055 0.98571
-0.451233 0.193112 0.0240881 0.00412193 -0.0916739 0.995781
-0.457475 0.211344 0.0090583 -0.475699 0.709055 0.52053
-0.425856 0.230481 0.00990261 -0.408039 0.677102 0.612403
-0.412225 0.240454 0.0127447 -0.544739 0.408623 0.732316
-0.398775 0.248067 0.0218218 -0.455903 0.244011 0.855927
-0.467348 0.179436 0.0202729 -0.316209 0.932945 -0.17212
-0.423861 0.172104 0.0253081 0.134938 -0.935776 0.325752
-0.425683 0.172163 0.0363516 -0.139636 -0.398184 0.906615
-0.455524 0.159438 0.0183193 -0.20211 -0.955309 0.215723
-0.465162 0.159202 0.00758522 -0.175802 -0.971197 -0.160841
-0.375905 0.165854 0.0155824 0.0841704 -0.976729 -0.197271
-0.364019 0.171551 0.0216415 0.00422766 -0.902851 0.429932
-0.475523 0.191284 -0.0205886 -0.666805 0.517456 -0.536293
-0.430516 0.218646 -0.0209134 -0.40755 0.316279 -0.856662
-0.418902 0.214008 -0.0373022 -0.343675 0.16873 -0.923806
-0.403327 0.252668 -0.0186037 -0.0498391 0.725269 -0.686659
-0.38876 0.263502 -0.0099356 -0.839329 0.524124 0.144296
-0.373614 0.263569 -0.0152693 -0.891374 0.338711 -0.30121
-0.352548 0.177275 -0.0335616 0.0732318 -0.885346 -0.459129
-0.364947 0.179002 -0.0407815 0.0250082 -0.521218 -0.853057
-0.400425 0.173899 -0.0387204 -0.212215 0.397297 -0.892816
-0.361334 0.190006 -0.0403674 -0.118666 0.0257728 -0.9926
-0.449374 0.159623 -0.0289035 0.0325643 -0.98423 -0.173873
-0.416084 0.168297 -0.0346153 -0.0290768 -0.353103 -0.935133
-0.342497 0.171928 -0.0185278 -0.18303 -0.874716 -0.448745
-0.349792 0.168533 -0.00841207 -0.00477858 -0.99957 -0.0289353
-0.342402 0.178096 -0.0275623 -0.0289285 -0.955667 -0.293026
-0.465567 0.15709 -0.0161827 0.0919595 -0.987154 -0.130656
-0.424224 0.181797 -0.0278386 -0.137195 -0.000499641 -0.990544
-0.457088 0.176252 -0.0292753 -0.189491 0.275235 -0.942517
-0.445999 0.191019 -0.0306511 0.0692753 -0.34878 -0.934641
-0.460826 0.177897 -0.0341638 -0.116127 -0.259007 -0.958869
-0.466185 0.185815 -0.0233685 -0.447098 -0.671548 -0.590869
-0.470471 0.180007 -0.0257185 0.155102 -0.833965 -0.529571
-0.383886 0.226756 -0.0327045 -0.127016 0.620559 -0.773804
-0.390651 0.238916 -0.0221978 0.112337 0.326978 -0.938331
-0.394333 0.196958 -0.0360437 -0.208307 0.0184002 -0.97789
-0.426569 0.199788 -0.0235771 -0.289875 0.018578 -0.956884
-0.423159 0.193703 -0.0288149 -0.364315 0.406081 -0.838077
-0.34959 0.176787 0.0356396 -0.191626 -0.832685 0.519534
-0.358477 0.17637 0.0303185 -0.0598729 -0.911649 0.406586
-0.39333 0.174163 0.0217058 0.0449865 -0.889107 0.455484
-0.474598 0.164521 0.00434022 -0.459233 -0.864406 0.204715
-0.477458 0.165197 0.00266264 -0.745801 -0.653741 0.128079
-0.365827 0.237083 0.033773 -0.640542 0.140064 0.755042
-0.366698 0.243367 0.0335145 -0.072878 0.494877 0.865901
-0.380426 0.245385 0.033996 -0.450156 0.100536 0.887272
-0.403979 0.212798 0.0315923 -0.20817 0.240252 0.948127
-0.481763 0.206505 0.00291569 -0.619161 0.640192 0.454747
-0.478933 0.20196 0.00180949 -0.719651 0.274318 -0.63785
-0.472463 0.192489 0.0249652 -0.271276 -0.24197 0.93159
-0.398686 0.240426 0.0204157 -0.170843 0.317375 0.932784
-0.478922 0.181781 0.013681 -0.789588 -0.394477 0.470041
-0.470353 0.170219 0.0206746 -0.546707 -0.434512 0.715759
-0.479789 0.194455 -0.00203475 -0.693294 0.603743 -0.393495
-0.371414 0.203826 -0.0355173 -0.100108 0.0730156 -0.992294
-0.356229 0.190487 -0.0419554 -0.0593753 -0.165465 -0.984427
-0.456282 0.162825 -0.0176769 -0.327578 -0.781231 -0.531385
-0.373129 0.171387 -0.0293802 0.100681 -0.959727 -0.262272
-0.465843 0.163737 -0.0219771 -0.731177 0.241716 -0.637929
-0.485687 0.173538 0.00943069 -0.760831 -0.295806 0.577612
-0.3769 0.25957 0.0193073 -0.200233 0.720013 0.664445
-0.463453 0.214127 -0.00162332 0.0533356 0.99333 0.102231
-0.278507 0.2602 0.0555697 0.100627 -0.72328 0.683184
-0.298726 0.260473 0.0579203 0.0356008 -0.199097 0.979333
-0.388642 0.24529 -0.0225469 -0.505649 -0.862637 0.013296
-0.389865 0.244233 -0.0306552 0.466998 0.117163 -0.876462
-0.287571 0.260442 -0.0568151 0.0406025 -0.152122 -0.987527
-0.298887 0.264037 -0.05385 -0.0851683 -0.221316 -0.971476
-0.275325 0.289386 -0.050996 0.241564 -0.00133149 -0.970384
-0.285682 0.292877 -0.0612736 0.0313767 0.0441304 -0.998533
-0.283677 0.300503 -0.053862 -0.250323 0.227724 -0.941
-0.386865 0.250857 -0.0229131 -0.339949 0.527647 -0.778475
-0.382036 0.249768 -0.027091 -0.294775 0.322373 -0.899546
-0.278205 0.285746 0.0512304 0.0598107 0.038467 0.997468
-0.261523 0.290859 0.0515933 -0.0261999 0.10856 0.993745
-0.399759 0.24732 0.0196518 -0.39709 0.515469 0.759349
-0.3889 0.250458 0.0269188 -0.391508 0.452898 0.801002
-0.385256 0.250301 0.0259615 -0.339583 0.272575 0.900215
-0.389994 0.23549 0.0192912 -0.74007 -0.13799 0.658221
-0.310019 0.280276 0.0489618 -0.592181 -0.80506 0.0346318
-0.30913 0.28235 0.0562759 -0.231401 0.157994 0.959943
-0.29991 0.290732 0.0474815 0.102342 -0.016852 0.994607
-0.38104 0.243477 -0.0238701 -0.131748 -0.453863 -0.881278
-0.269136 0.294411 -0.0540286 -0.196472 0.00199632 -0.980507
-0.31666 0.267931 -0.0517375 -0.291636 0.196101 -0.936212
-0.299135 0.269515 -0.0556749 -0.1366 -0.150227 -0.979169
-0.301352 0.266555 -0.0537833 -0.0169182 -0.149917 -0.988554
-0.272705 0.271316 0.0597217 0.370106 -0.3652 0.854196
-0.285043 0.271829 0.062324 -0.0485608 -0.324055 0.944791
-0.386501 0.245198 0.0230613 0.521444 0.423476 0.740787
-0.293263 0.281253 0.0583286 -0.613592 0.168208 0.771499
-0.288818 0.297561 0.0505942 -0.0128892 -0.179878 0.983604
-0.284487 0.275492 -0.0652685 -0.0978944 -0.605998 -0.78942
-0.271049 0.264279 -0.0504477 0.158887 -0.41622 -0.895274
-0.263806 0.285544 -0.0542585 -0.320285 0.750681 -0.577837
-0.268841 0.281395 -0.060429 0.255902 0.159539 -0.953447
-0.271498 0.282067 0.0538468 0.368228 0.478741 0.797004
-0.266399 0.279598 0.0610303 -0.0570557 -0.50185 0.863071
-0.384859 0.240192 0.0215355 0.0738346 0.064184 0.995203
-0.306602 0.278658 0.0511296 -0.223142 0.088331 0.970776
-0.398549 0.243464 -0.0207679 -0.0717359 0.602748 -0.7947
-0.30593 0.290471 -0.0502824 -0.0386003 -0.112064 -0.992951
-0.311168 0.275679 -0.0470931 0.0517084 0.288047 -0.956219
-0.305917 0.28064 -0.0532424 0.187956 0.698324 -0.690663
-0.299942 0.27388 0.0542086 -0.203188 0.384002 0.900698
-0.300884 0.262184 0.0563021 -0.546511 0.201624 0.812818
-0.297846 0.276371 0.0510593 -0.324887 -0.138422 0.935568
-0.292651 0.281882 0.0539157 -0.347835 -0.25149 0.903197
-0.281151 0.294303 -0.0572416 0.0921911 0.523223 -0.847195
-0.286715 0.272677 -0.0594899 -0.0949291 0.289479 -0.952465
-0.300572 0.272706 -0.0556686 -0.227909 0.638943 -0.734717
-0.294966 0.275833 -0.053267 -0.342414 0.10843 -0.933271
-0.286479 0.266207 0.0563882 -0.469188 0.0440068 0.882001
-0.295428 0.269157 -0.0541584 -0.300814 -0.225597 -0.926616
-0.276961 0.274465 0.0621242 0.153558 0.0677097 0.985817
-0.282282 0.282073 -0.0559531 -0.305778 0.758183 0.575898
-0.28409 0.284144 0.0579244 -0.172788 0.449668 0.876324
-0.275339 0.288199 0.0558921 0.386881 0.764703 0.515318
3 631 629 630
3 634 632 633
3 637 635 636
3 637 339 638
3 642 640 641
3 642 498 643
3 647 645 646
3 647 484 648
3 652 650 651
3 653 645 490
3 656 654 655
3 659 657 658
3 659 170 660
3 664 662 663
3 664 144 665
3 669 667 668
3 672 670 671
3 675 673 674
3 678 676 677
3 681 679 680
3 681 426 682
3 686 684 685
3 688 634 385
3 688 385 689
3 693 691 692
3 696 694 695
3 699 697 698
3 699 349 700
3 706 704 705
3 706 345 707
3 711 709 710
3 711 337 712
3 716 714 715
3 716 196 717
3 721 719 720
3 724 722 723
3 727 725 726
3 730 728 729
3 723 169 731
3 735 733 734
3 738 736 737
3 741 739 740
3 744 742 743
3 744 45 745
3 749 747 748
3 752 750 751
3 755 753 754
3 758 756 757
3 761 759 760
3 764 762 763
3 766 759 24
3 766 24 767
3 771 769 770
3 771 17 772
3 776 774 775
3 779 777 778
3 782 780 781
3 783 764 8
3 786 784 785
3 74 787 743
3 791 789 790
3 791 75 792
3 796 794 795
3 742 95 797
3 801 799 800
3 803 667 133
3 804 663 145
3 807 805 806
3 807 161 808
3 729 176 810
3 814 812 813
3 817 815 816
3 813 181 818
3 821 725 19
3 823 2 822
3 823 340 824
3 829 827 828
3 832 830 831
3 835 833 834
3 837 689 385
3 840 838 839
3 843 841 842
3 846 844 845
3 418 847 846
3 850 848 849
3 674 432 851
3 852 433 853
3 857 855 856
3 857 431 858
3 665 144 860
3 862 660 170
3 865 863 864
3 651 496 866
3 496 868 866
3 871 644 494
3 871 494 872
3 876 874 875
3 879 877 878
3 879 342 880
3 884 882 883
3 887 885 886
3 638 339 888
3 889 340 890
3 894 892 893
3 897 895 896
3 893 189 898
3 899 188 900
3 904 902 903
3 865 481 905
3 909 907 908
3 912 910 911
3 915 913 914
3 918 916 917
3 921 919 920
3 924 922 923
3 924 416 925
3 418 927 847
3 417 929 844
3 364 931 897
3 933 690 386
3 933 386 934
3 936 922 388
3 833 366 937
3 931 364 939
3 941 698 348
3 941 348 942
3 944 632 48
3 946 636 338
3 947 709 327
3 950 948 949
3 950 193 951
3 955 953 954
3 955 174 956
3 178 958 815
3 817 179 960
3 962 730 177
3 965 963 964
3 966 809 155
3 969 967 968
3 969 130 970
3 801 128 972
3 975 746 44
3 977 747 86
3 980 978 979
3 983 981 982
3 753 52 984
3 985 53 986
3 783 8 987
3 767 24 989
3 991 987 8
3 18 992 777
3 995 993 994
3 774 4 991
3 829 12 996
3 999 997 998
3 1002 1000 1001
3 1002 43 1003
3 1007 1005 1006
3 1007 81 1008
3 1010 796 83
3 1010 83 1011
3 94 1013 974
3 1013 94 1014
3 134 1015 741
3 1019 1017 1018
3 963 153 1020
3 171 1022 954
3 814 21 1024
3 168 1025 724
3 1028 1025 168
3 1030 952 191
3 1030 191 1031
3 1034 1032 1033
3 1035 943 41
3 1038 1036 1037
3 1038 343 1039
3 348 1040 942
3 1044 1042 1043
3 940 1044 349
3 1047 1045 1046
3 1048 834 347
3 1051 1049 1050
3 1054 1052 1053
3 1055 679 416
3 854 424 1056
3 1060 1058 1059
3 416 1061 925
3 1063 672 459
3 1063 459 1064
3 1068 1066 1067
3 1068 462 1069
3 1071 964 152
3 1072 910 472
3 909 478 1073
3 903 491 1075
3 1079 1077 1078
3 1079 1075 491
3 873 493 1080
3 1081 876 359
3 1082 822 341
3 355 1084 883
3 882 831 355
3 1088 1086 1087
3 1088 345 1089
3 1093 1091 1092
3 1093 337 1094
3 1098 1096 1097
3 1099 640 500
3 1100 869 185
3 1101 650 495
3 489 1102 907
3 1105 1103 1104
3 466 1106 915
3 671 135 1108
3 673 80 1110
3 928 427 858
3 1114 1112 1113
3 1114 81 1115
3 424 1117 1056
3 390 1055 1050
3 835 367 1119
3 1121 934 386
3 1121 936 388
3 906 362 1122
3 1124 701 358
3 886 717 196
3 339 1125 888
3 1126 945 322
3 1128 892 195
3 1128 949 187
3 1129 957 178
3 1131 898 189
3 1132 1127 187
3 721 184 1133
3 164 1134 726
3 150 1136 1021
3 1139 1137 1138
3 77 1140 1017
3 131 1142 1016
3 1143 973 127
3 1146 1144 1145
3 1146 43 1147
3 749 76 1149
3 1152 1150 1151
3 1152 67 1153
3 1155 944 48
3 1156 687 49
3 1159 1157 1158
3 821 19 778
3 5 996 994
3 995 13 1160
3 1162 782 7
3 18 779 997
3 1163 1000 25
3 49 1164 1156
3 1164 1147 43
3 787 74 792
3 88 1165 1113
3 1165 88 1166
3 91 1167 976
3 93 1169 1144
3 1169 93 1110
3 135 1170 1108
3 1170 135 1171
3 1172 738 143
3 1173 1103 167
3 20 1135 998
3 1175 720 185
3 1175 185 1176
3 1177 188 1130
3 1031 191 1178
3 1179 192 1180
3 1184 1182 1183
3 1039 343 1185
3 1186 342 1187
3 1043 360 1189
3 1190 359 1191
3 364 1192 939
3 367 1046 1119
3 1045 351 1051
3 1196 1194 1195
3 1196 393 1197
3 1200 1198 1199
3 1201 1052 385
3 1202 683 425
3 1202 425 1203
3 682 1059 425
3 1065 455 1204
3 1205 917 456
3 1109 919 459
3 420 1206 916
3 1208 912 149
3 731 169 1209
3 488 1210 908
3 492 1211 904
3 1212 722 166
3 1213 1026 167
3 1214 1213 167
3 1215 715 195
3 1215 195 1216
3 336 1217 1033
3 1217 1201 385
3 1219 1037 344
3 1219 344 1086
3 884 370 1220
3 1222 705 346
3 1222 1096 501
3 1223 710 338
3 1224 635 621
3 195 894 1216
3 1214 167 1210
3 497 1225 901
3 1225 497 1077
3 654 364 1226
3 867 485 661
3 1228 1208 149
3 1228 149 733
3 670 460 1229
3 1230 921 458
3 1231 1066 457
3 93 1148 1111
3 1118 423 1232
3 1233 429 1234
3 1235 1006 80
3 1235 1057 422
3 393 1236 1197
3 392 1237 1053
3 630 353 1239
3 1241 684 390
3 1221 369 1242
3 1122 1189 360
3 1040 832 352
3 9 1243 827
3 344 1244 1087
3 1244 1180 192
3 336 1245 1092
3 1246 1032 70
3 1247 718 194
3 1247 1178 191
3 173 1248 719
3 184 1249 1133
3 1249 184 1174
3 1129 178 1024
3 1251 658 172
3 1251 172 1248
3 1252 735 146
3 1172 1141 128
3 137 803 968
3 1254 1143 127
3 1254 127 1255
3 43 1145 1003
3 90 1256 794
3 83 1258 1011
3 982 47 1260
3 1262 1243 9
3 1263 989 24
3 785 781 22
3 1264 1161 14
3 6 1265 993
3 1265 6 1162
3 999 780 18
3 788 46 1262
3 1150 41 1263
3 755 21 1266
3 1267 1149 76
3 1268 793 74
3 1268 1258 83
3 977 1257 91
3 1269 1255 127
3 1269 1140 77
3 1168 92 1270
3 1271 1253 87
3 1171 135 860
3 1136 150 1272
3 1250 171 953
3 1173 167 1027
3 960 179 1273
3 1274 182 1029
3 187 1275 1132
3 1275 1273 179
3 59 1266 1181
3 16 1276 820
3 1278 878 341
3 11 1158 828
3 1041 352 1279
3 1193 363 1123
3 937 366 838
3 1279 352 1241
3 1280 1238 396
3 918 419 930
3 1203 1232 423
3 1281 926 433
3 1281 433 851
3 457 1282 1231
3 1282 927 418
3 920 1067 458
3 1229 1106 466
3 160 1283 1104
3 1283 1070 473
3 1192 364 1102
3 492 1226 1211
3 185 1284 1176
3 1284 185 1101
3 500 1285 1099
3 1285 895 401
3 1288 1286 1287
3 343 1289 1185
3 1290 1218 399
3 830 1084 355
3 1293 1291 1292
3 1085 371 1294
3 1295 374 1296
3 1300 1298 1299
3 1300 612 1301
3 1305 1303 1304
3 1308 1306 1307
3 1308 610 1309
3 1313 1311 1312
3 1316 1314 1315
3 1319 1317 1318
3 1321 1310 594
3 1324 1322 1323
3 1327 1325 1326
3 1330 1328 1329
3 1333 1331 1332
3 1333 376 1334
3 1337 1335 1336
3 1340 1338 1339
3 1343 1341 1342
3 1346 1344 1345
3 1349 1347 1348
3 369 1350 1242
3 1354 1352 1353
3 1357 1355 1356
3 1360 1358 1359
3 1360 314 1361
3 1365 1363 1364
3 1365 302 1366
3 1352 290 1368
3 1372 1370 1371
3 1374 1366 302
3 1377 1375 1376
3 1377 286 1378
3 1382 1380 1381
3 1383 1378 286
3 47 1384 1260
3 1388 1386 1387
3 1390 1182 271
3 1393 1391 1392
3 1396 1394 1395
3 1020 153 1397
3 1401 1399 1400
3 1404 1402 1403
3 1404 35 1405
3 30 1407 1402
3 1411 1409 1410
3 1393 163 1412
3 1276 16 1413
3 1417 1415 1416
3 1420 1418 1419
3 1423 1421 1422
3 1424 1381 278
3 1427 1425 1426
3 1430 1428 1429
3 1433 1431 1432
3 1436 1434 1435
3 1395 159 1437
3 1441 1439 1440
3 1444 1442 1443
3 1446 1361 314
3 1449 1447 1448
3 1450 1429 292
3 1453 1451 1452
3 1456 1454 1455
3 1407 30 1457
3 1124 358 1459
3 1317 474 1461
3 1463 1207 470
3 1466 1464 1465
3 473 1467 1074
3 565 1468 1338
3 1472 1470 1471
3 1475 1473 1474
3 1475 575 1476
3 1479 1477 1478
3 1482 1480 1481
3 594 1483 1321
3 1341 477 1485
3 1489 1487 1488
3 1492 1490 1491
3 1493 1311 598
3 1496 1494 1495
3 1497 1315 600
3 575 1498 1298
3 1307 587 1500
3 1501 588 1502
3 1505 1408 32
3 1508 1506 1507
3 1511 1509 1510
3 1514 1512 1513
3 1517 1515 1516
3 1517 609 1518
3 1495 606 1519
3 1510 584 1521
3 1473 569 1523
3 1323 592 1525
3 1529 1527 1528
3 1527 574 1530
3 1531 572 1532
3 1535 1533 1534
3 1538 1536 1537
3 1339 564 1539
3 1540 563 1541
3 476 1543 1464
3 1459 1346 377
3 372 1545 1351
3 1548 1454 291
3 1432 298 1549
3 1553 1551 1552
3 1554 1359 315
3 1554 315 1555
3 310 1557 1551
3 303 1559 1438
3 1563 1561 1562
3 1376 294 1564
3 1565 295 1566
3 1570 1568 1569
3 1573 1571 1572
3 272 1574 1440
3 37 1575 1419
3 1579 1577 1578
3 1577 157 1580
3 1583 1581 1582
3 1585 1264 14
3 1587 1399 39
3 1405 35 1588
3 1580 157 1590
3 164 1578 1134
3 1420 267 1592
3 1384 47 1593
3 1595 1570 284
3 292 1596 1435
3 1596 1593 47
3 1599 1597 1598
3 1409 151 1559
3 304 1600 1370
3 1444 307 1602
3 1605 1447 300
3 1607 1564 294
3 1549 298 1608
3 1609 1547 318
3 702 26 1610
3 1612 1375 293
3 1613 1448 316
3 1345 379 1614
3 1618 1616 1617
3 1465 475 1619
3 1620 875 562
3 1469 487 1621
3 1537 561 1623
3 1625 1331 572
3 577 1626 1302
3 1628 1478 578
3 1630 1320 468
3 1633 1631 1632
3 1634 1485 477
3 1636 1324 591
3 1638 1516 608
3 1638 1631 595
3 604 1514 1635
3 612 1639 1509
3 1296 374 1640
3 1643 1314 601
3 1643 601 1644
3 592 1645 1304
3 609 1647 1518
3 1519 606 1648
3 1649 1644 601
3 1523 569 1650
3 1651 567 1652
3 1633 469 1653
3 420 1630 1206
3 1656 1654 1655
3 1656 588 1657
3 579 1658 1327
3 1530 574 1659
3 1661 1348 381
3 1662 1471 568
3 1622 566 1663
3 1542 1620 562
3 1666 1664 1665
3 1666 479 1667
3 1653 469 1669
3 1670 914 468
3 1347 383 1671
3 1291 378 1672
3 28 1673 1611
3 308 1675 1354
3 295 1676 1553
3 313 1678 1362
3 1678 1603 312
3 309 1680 1353
3 1682 1412 163
3 300 1683 1605
3 1566 1597 287
3 287 1684 1425
3 1686 1356 282
3 1687 1601 275
3 1386 37 1688
3 1689 1277 268
3 1690 1183 165
3 1690 165 1691
3 1560 151 1693
3 1587 39 1694
3 10 1695 1157
3 148 1696 1410
3 1696 148 1561
3 165 1697 1691
3 268 1698 1689
3 1574 1575 37
3 1702 1700 1701
3 1702 1568 277
3 276 1703 1571
3 1685 1595 284
3 300 1450 1683
3 301 1562 1556
3 1706 1387 275
3 1706 275 1600
3 1681 311 1707
3 1709 1602 307
3 316 1710 1613
3 289 1711 1451
3 1452 318 1712
3 0 1674 29
3 1713 1672 378
3 1714 1343 476
3 1667 479 1543
3 487 1468 1664
3 1334 376 1715
3 1717 1660 570
3 1719 1717 570
3 1646 582 1720
3 1657 1528 580
3 1490 597 1721
3 1722 471 1723
3 1724 1522 603
3 1726 1520 601
3 1727 1637 595
3 611 1728 1494
3 1525 1511 593
3 1508 1521 584
3 1731 1641 376
3 1731 1545 372
3 1586 1504 36
3 373 1732 1297
3 1732 373 1730
3 613 1498 1642
3 1655 589 1728
3 595 1483 1727
3 1512 604 1733
3 599 1734 1313
3 1621 487 1668
3 581 1720 1654
3 1736 1629 420
3 1736 1533 573
3 1718 577 1628
3 1534 1546 375
3 569 1472 1650
3 1288 565 1340
3 1737 1286 481
3 1737 481 1738
3 476 1466 1714
3 1618 1671 383
3 1739 1294 371
3 1739 1460 377
3 1740 1443 306
3 1740 306 1741
3 1742 1548 291
3 1743 1676 295
3 1446 1372 305
3 1557 310 1744
3 1371 1442 305
3 1705 1441 273
3 147 1436 1138
3 296 1558 1598
3 1430 1422 279
3 1567 287 1427
3 284 1569 1426
3 1746 1400 36
3 1746 36 1747
3 272 1748 1417
3 1592 267 1750
3 1751 1389 175
3 151 1411 1693
3 33 1589 1584
3 1385 31 1752
3 38 1583 1418
3 1694 39 1582
3 1591 1397 153
3 1692 1590 157
3 1753 1415 270
3 1753 1750 267
3 1699 270 1749
3 1754 1505 32
3 1755 1700 277
3 1703 276 1755
3 289 1684 1711
3 1756 1431 297
3 175 1748 1751
3 297 1745 1756
3 1680 309 1744
3 316 1604 1710
3 312 1743 1679
3 306 1757 1741
3 1757 1742 291
3 1758 1458 29
3 1758 1752 31
3 1759 1292 379
3 1616 383 1759
3 1760 1463 470
3 1760 1669 469
3 475 1738 1619
3 1761 1337 381
3 381 1623 1761
3 570 1662 1719
3 1658 579 1532
3 1762 1306 586
3 1762 586 1735
3 1480 582 1645
3 1763 1318 471
3 1763 471 1721
3 599 1726 1734
3 603 1733 1724
3 1515 607 1725
3 606 1729 1648
3 1627 1305 583
3 1639 1499 613
3 376 1713 1715
3 1766 1764 1765
3 1769 1767 1768
3 1769 624 1770
3 1774 1772 1773
3 1777 1775 1776
3 1780 1778 1779
3 1783 1781 1782
3 1786 1784 1785
3 1789 1787 1788
3 1796 1794 1795
3 1799 1797 1798
3 984 52 1800
3 1801 56 1802
3 1806 1804 1805
3 1809 1807 1808
3 1810 1797 64
3 1812 1796 73
3 1812 73 1813
3 1816 1805 57
3 334 1817 1787
3 1820 1818 326
3 1823 1821 1822
3 1823 405 1824
3 1765 404 1825
3 1828 1771 623
3 1828 623 1829
3 1770 624 1831
3 1779 400 1833
3 1836 1834 1835
3 1772 402 1837
3 1842 1840 1841
3 1845 1843 1844
3 1845 398 1846
3 1795 62 1848
3 1852 1850 1851
3 1852 329 1853
3 327 1855 947
3 1153 67 1857
3 1861 1859 1860
3 1861 68 1862
3 53 1 986
3 1866 1863 66
3 1866 66 1857
3 69 1867 1794
3 1870 1815 326
3 1784 332 1871
3 396 1783 1280
3 397 1872 1847
3 1874 1840 406
3 1874 406 1843
3 412 1875 1198
3 1877 1830 622
3 1829 623 1878
3 1879 627 1880
3 628 1882 1764
3 1880 627 1883
3 1884 414 1885
3 1877 622 1886
3 881 618 1887
3 1836 413 1890
3 1872 397 1781
3 1893 1891 1892
3 1893 400 1778
3 334 1894 1849
3 1894 334 1895
3 1897 1854 328
3 1897 328 1898
3 320 1899 1856
3 1900 1814 72
3 1900 72 1901
3 61 1903 1868
3 56 1904 1807
3 1904 56 1800
3 1902 1858 66
3 1908 1790 324
3 1898 328 1909
3 1910 1896 333
3 1910 333 1850
3 393 1911 1891
3 1911 1782 397
3 1777 407 1912
3 1913 1825 404
3 1889 614 1876
3 1914 1881 626
3 1914 626 1915
3 1917 1766 415
3 1917 415 1918
3 1915 626 1834
3 1916 627 1878
3 1920 1767 617
3 1920 617 1887
3 1885 414 1921
3 1922 1890 413
3 1837 402 1923
3 1870 1848 62
3 325 1924 1819
3 1925 1791 323
3 326 1816 1820
3 65 1926 1798
3 1903 61 1927
3 64 1928 1810
3 1928 1906 55
3 1811 68 1860
3 323 1929 1925
3 1929 1909 328
3 1851 333 1895
3 61 1926 1927
3 1923 402 1930
3 1931 1833 400
3 1931 400 1892
3 1932 1826 411
3 1932 1921 414
3 1919 399 1930
3 624 1933 1831
3 1933 1773 620
3 1936 1934 1935
3 1936 236 1937
3 1941 1939 1940
3 1944 1942 1943
3 1947 1945 1946
3 1947 512 1948
3 1951 1949 1950
3 1951 203 1952
3 1956 1954 1955
3 1959 1957 1958
3 1962 1960 1961
3 1962 438 1963
3 1967 1965 1966
3 1970 1968 1969
3 1970 232 1971
3 1975 1973 1974
3 1978 1976 1977
3 1981 1979 1980
3 1984 1982 1983
3 1984 199 1985
3 1989 1987 1988
3 1992 1990 1991
3 1995 1993 1994
3 1998 1996 1997
3 2001 1999 2000
3 2004 2002 2003
3 2007 2005 2006
3 2010 2008 2009
3 2011 1968 207
3 2014 2012 2013
3 2017 2015 2016
3 2017 214 2018
3 220 2020 2019
3 2024 2022 2023
3 2024 435 2025
3 2027 1960 435
3 856 461 2028
3 2032 2030 2031
3 2034 2030 505
3 2034 505 2035
3 2038 1945 515
3 2041 2039 2040
3 2044 2042 2043
3 2044 533 2045
3 2049 2047 2048
3 2052 2050 2051
3 2052 534 2053
3 2055 1944 529
3 2055 529 2056
3 2060 2058 2059
3 2060 516 2061
3 2065 2063 2064
3 2065 441 2066
3 463 2068 2032
3 1959 443 2070
3 2071 445 2072
3 2076 2074 2075
3 1963 438 2077
3 2020 220 2079
3 2081 1972 233
3 1969 205 2082
3 1980 108 2084
3 2085 111 2086
3 2089 2087 2088
3 2089 105 2090
3 2088 197 2092
3 2095 2084 108
3 2095 108 2096
3 2100 2098 2099
3 2100 104 2101
3 1993 98 2103
3 2104 1992 100
3 2096 108 2105
3 2108 2005 141
3 2108 141 2109
3 2112 2110 2111
3 2112 202 2082
3 2115 2113 2114
3 2118 2116 2117
3 2120 2116 209
3 2123 2121 2122
3 2124 2117 225
3 1965 238 2125
3 2129 2127 2128
3 2129 436 2022
3 1957 442 2130
3 1069 462 2131
3 464 2133 2069
3 2135 2067 511
3 2136 1953 507
3 2136 507 2137
3 2051 535 2138
3 1941 536 2140
3 2142 2048 538
3 2143 2045 533
3 2144 2057 530
3 2144 530 2145
3 2148 2070 443
3 2148 443 2149
3 2153 2151 2152
3 2154 2008 206
3 464 2155 2133
3 2158 2073 444
3 2158 444 2159
3 437 2161 2128
3 2025 435 2163
3 235 2164 2080
3 2164 235 2165
3 2120 209 2167
3 2118 226 2168
3 2170 2014 214
3 2090 2113 209
3 2092 197 2171
3 1989 139 2002
3 2173 2106 103
3 2175 2104 100
3 2175 100 1987
3 2176 2102 99
3 2176 99 2174
3 2075 106 1999
3 2093 1991 105
3 2177 1950 201
3 2178 1982 200
3 2180 1981 212
3 2181 2169 213
3 213 2182 2181
3 202 2183 2083
3 2184 2081 233
3 2186 2078 96
3 2186 96 2187
3 2076 2077 438
3 2130 442 2157
3 464 2188 2155
3 2188 464 2131
3 2190 1952 203
3 2190 2152 508
3 2149 443 2191
3 2194 1943 513
3 2195 2135 511
3 2143 533 2196
3 2197 508 2151
3 2049 537 2140
3 509 2198 1940
3 2198 2166 236
3 511 2199 2195
3 2042 526 2199
3 2063 2192 440
3 2201 1983 201
3 2201 2035 505
3 463 2202 2029
3 2191 2026 440
3 440 2027 2162
3 235 2203 2165
3 2204 2126 239
3 2121 231 2205
3 231 2206 2205
3 2208 2178 200
3 2208 200 2209
3 2179 211 2167
3 141 2007 2156
3 2004 140 2107
3 2105 108 2210
3 1998 102 2211
3 97 2213 2212
3 2213 97 1994
3 2214 2173 103
3 2214 103 2098
3 2216 2097 107
3 2216 2160 109
3 2006 2172 198
3 197 2217 2171
3 2217 2209 200
3 2114 104 2210
3 2018 214 2013
3 2219 2182 213
3 2219 213 2170
3 234 2220 2207
3 2220 234 2221
3 2163 2185 428
3 440 2161 2064
3 2068 2132 464
3 2202 463 2031
3 2222 1955 504
3 2222 2041 511
3 2150 2059 517
3 508 2223 2189
3 2223 508 2196
3 2146 2141 522
3 2226 2224 2225
3 2229 2227 2228
3 2232 2230 2231
3 2235 2233 2234
3 2235 519 2236
3 2239 2062 522
3 2242 2240 2241
3 2242 451 2243
3 2159 444 2245
3 2246 446 2247
3 2251 2249 2250
3 2251 264 2252
3 2256 2254 2255
3 2259 2257 2258
3 2261 2079 220
3 2263 2086 111
3 2263 111 2264
3 2265 114 2266
3 2270 2268 2269
3 2273 2271 2272
3 2276 2274 2275
3 2276 115 2277
3 2281 2279 2280
3 2284 2282 2283
3 2284 124 2285
3 2289 2287 2288
3 2292 2290 2291
3 2295 2293 2294
3 2295 263 2296
3 2247 446 2297
3 2298 448 2299
3 2302 2241 450
3 2305 2303 2304
3 2306 2147 517
3 2306 517 2307
3 2310 2308 2309
3 2313 2311 2312
3 2316 2314 2315
3 2316 550 2317
3 2321 2319 2320
3 2323 2226 252
3 558 2324 2319
3 2321 557 2325
3 252 2327 2323
3 2331 2329 2330
3 2332 1938 240
3 2335 2333 2334
3 2335 447 2303
3 2337 2308 454
3 444 2338 2245
3 2342 2340 2341
3 2343 2296 263
3 2345 2340 255
3 2347 2125 238
3 218 2348 2291
3 2348 218 2349
3 2352 2350 2351
3 2352 118 2278
3 2354 2273 110
3 2354 2248 112
3 2356 2351 120
3 2285 2279 126
3 2260 2347 238
3 2358 2327 252
3 2361 2359 2360
3 2364 2362 2363
3 2364 251 2365
3 447 2338 2304
3 2367 2243 451
3 2368 2227 518
3 2368 518 2307
3 546 2369 2330
3 2372 2370 2371
3 2373 2228 520
3 2376 2374 2375
3 2376 554 2377
3 2380 2326 552
3 2380 552 2381
3 2381 552 2382
3 2312 548 2383
3 2309 452 2384
3 2385 449 2333
3 451 2386 2367
3 448 2388 2299
3 2388 448 2389
3 252 2390 2358
3 2392 2360 258
3 2289 253 2393
3 2394 254 2345
3 247 2395 2346
3 2395 2332 240
3 2266 114 2396
3 2397 117 2398
3 2356 120 2400
3 2275 116 2402
3 2403 113 2353
3 2404 2402 116
3 2405 2366 125
3 121 2406 2401
3 2406 121 2407
3 2410 2408 2409
3 2410 223 2411
3 2413 2359 259
3 2392 258 2414
3 2415 249 2416
3 2389 448 2417
3 2419 2334 449
3 2337 454 2420
3 2423 2369 546
3 2311 2374 548
3 546 2424 2423
3 2377 554 2425
3 560 2426 2225
3 548 2428 2383
3 2428 548 2378
3 2429 2230 555
3 2328 224 2430
3 2239 2422 520
3 2371 525 2431
3 2386 2336 453
3 2419 449 2384
3 2432 2390 252
3 2292 216 2433
3 2412 2290 258
3 221 2434 2399
3 2434 2433 216
3 218 2261 2349
3 2435 2280 123
3 2264 2272 114
3 116 2436 2404
3 2436 2355 117
3 2400 120 2435
3 2437 2270 124
3 2437 2409 222
3 250 2416 2408
3 2357 251 2411
3 2391 2341 256
3 2427 2432 252
3 2339 447 2417
3 2387 453 2421
3 525 2438 2431
3 2438 525 2430
3 550 2439 2317
3 2237 2375 547
3 2440 2294 266
3 2440 266 2426
3 529 2441 2056
3 2444 2361 256
3 2446 2218 229
3 2449 2447 2448
3 2451 2288 247
3 532 2452 2046
3 2315 551 2454
3 2424 546 2456
3 2460 2458 2459
3 2461 2443 260
3 2462 2119 227
3 2465 2463 2464
3 2465 244 2446
3 2451 2461 260
3 529 2466 2441
3 2382 552 2468
3 556 2456 2455
3 2460 541 2469
3 2470 540 2452
3 2445 244 2471
3 2473 2462 227
3 2474 2472 245
3 2475 2453 540
3 2193 528 2476
3 2429 555 2477
3 531 2478 2050
3 2479 2344 254
3 2482 2480 2481
3 2482 243 2463
3 2480 2449 242
3 2479 2450 260
3 2442 543 2483
3 2484 542 2478
3 556 2477 2457
3 2459 542 2485
3 2488 2474 245
3 2490 2481 242
3 2483 543 2491
3 2492 2471 244
3 2492 2489 246
3 2467 544 2493
3 2494 2448 241
3 545 2495 2486
3 2476 528 2496
3 2494 2487 246
3 545 2496 2495
3 630 629 353
3 1242 629 1221
3 352 631 630
3 1240 630 1239
3 629 631 354
3 354 631 882
3 633 632 335
3 943 632 944
3 385 634 633
3 1217 633 1033
3 632 634 48
3 687 634 688
3 636 635 338
3 338 635 1223
3 339 637 636
3 945 636 946
3 635 637 621
3 639 637 638
3 616 639 638
3 889 638 888
3 637 639 621
3 1886 639 1877
3 641 640 502
3 502 640 1098
3 498 642 641
3 498 641 894
3 640 642 500
3 644 642 643
3 494 644 643
3 1225 643 901
3 642 644 500
3 870 644 871
3 646 645 486
3 486 645 652
3 484 647 646
3 484 646 661
3 645 647 490
3 649 647 648
3 483 649 648
3 862 648 660
3 647 649 490
3 1214 649 1213
3 651 650 496
3 496 650 868
3 486 652 651
3 867 651 866
3 650 652 495
3 645 653 652
3 495 652 653
3 495 653 1079
3 655 654 490
3 490 654 1076
3 488 656 655
3 488 655 1210
3 654 656 364
3 1102 656 907
3 658 657 172
3 1100 657 869
3 170 659 658
3 1250 658 1251
3 657 659 485
3 661 659 660
3 484 661 660
3 484 660 648
3 659 661 485
3 646 867 661
3 663 662 145
3 145 662 733
3 144 664 663
3 144 663 737
3 662 664 467
3 666 664 665
3 466 666 665
3 861 665 860
3 664 666 467
3 467 666 1670
3 668 667 138
3 802 667 803
3 462 669 668
3 462 668 2131
3 667 669 133
3 133 669 920
3 671 670 135
3 135 670 861
3 459 672 671
3 1109 671 1108
3 670 672 460
3 1062 672 1063
3 674 673 432
3 1111 673 1110
3 421 675 674
3 852 674 851
3 673 675 80
3 80 675 1235
3 677 676 431
3 431 676 858
3 430 678 677
3 430 677 2022
3 676 678 426
3 426 678 682
3 680 679 417
3 417 679 929
3 426 681 680
3 847 680 846
3 679 681 416
3 683 681 682
3 425 683 682
3 678 1059 682
3 681 683 416
3 416 683 1061
3 685 684 391
3 391 684 1240
3 420 686 685
3 420 685 1736
3 684 686 390
3 390 686 930
3 634 687 48
3 48 687 1155
3 49 687 688
3 690 688 689
3 386 690 689
3 836 689 837
3 688 690 49
3 932 690 933
3 692 691 357
3 1124 691 701
3 371 693 692
3 371 692 1739
3 691 693 356
3 356 693 830
3 695 694 365
3 365 694 838
3 361 696 695
3 939 695 931
3 694 696 350
3 350 696 940
3 698 697 348
3 348 697 1040
3 349 699 698
3 940 698 941
3 697 699 356
3 701 699 700
3 358 701 700
3 1191 700 1190
3 699 701 356
3 356 701 691
3 1611 702 1610
3 702 703 26
3 26 703 1158
3 705 704 346
3 346 704 886
3 345 706 705
3 345 705 1089
3 704 706 194
3 708 706 707
3 192 708 707
3 1244 707 1087
3 706 708 194
3 194 708 1247
3 710 709 338
3 338 709 946
3 337 711 710
3 337 710 1094
3 709 711 327
3 713 711 712
3 331 713 712
3 1245 712 1092
3 711 713 327
3 1898 713 1897
3 715 714 195
3 195 714 1128
3 196 716 715
3 196 715 887
3 714 716 193
3 718 716 717
3 194 718 717
3 194 717 704
3 716 718 193
3 193 718 951
3 720 719 185
3 185 719 1100
3 184 721 720
3 1174 720 1175
3 719 721 173
3 173 721 1023
3 723 722 169
3 169 722 1209
3 168 724 723
3 732 723 731
3 722 724 166
3 1026 724 1025
3 726 725 164
3 820 725 821
3 20 727 726
3 1135 726 1134
3 725 727 19
3 19 727 779
3 729 728 176
3 176 728 1027
3 177 730 729
3 811 729 810
3 728 730 161
3 161 730 808
3 170 732 731
3 170 731 862
3 723 732 168
3 168 732 953
3 734 733 149
3 662 1228 733
3 146 735 734
3 1272 734 1136
3 733 735 145
3 145 735 804
3 737 736 144
3 144 736 860
3 143 738 737
3 663 804 737
3 736 738 132
3 132 738 800
3 740 739 133
3 133 739 803
3 134 741 740
3 134 740 1109
3 739 741 130
3 1016 741 1015
3 743 742 74
3 798 742 797
3 45 744 743
3 788 743 787
3 742 744 95
3 746 744 745
3 44 746 745
3 783 745 764
3 744 746 95
3 974 746 975
3 748 747 87
3 976 747 977
3 76 749 748
3 1255 748 1254
3 747 749 86
3 86 749 790
3 751 750 46
3 46 750 983
3 75 752 751
3 75 751 792
3 750 752 77
3 1267 752 1149
3 754 753 22
3 985 753 984
3 21 755 754
3 21 754 999
3 753 755 52
3 52 755 756
3 757 756 59
3 755 1266 756
3 57 758 757
3 1039 757 1038
3 756 758 52
3 52 758 1800
3 760 759 23
3 765 759 766
3 51 761 760
3 1259 760 1004
3 759 761 24
3 24 761 1263
3 763 762 9
3 9 762 1262
3 8 764 763
3 8 763 991
3 762 764 45
3 45 764 745
3 759 765 23
3 23 765 785
3 7 765 766
3 768 766 767
3 4 768 767
3 990 767 989
3 766 768 7
3 7 768 1162
3 770 769 16
3 16 769 1589
3 17 771 770
3 17 770 778
3 769 771 15
3 773 771 772
3 6 773 772
3 992 772 777
3 771 773 15
3 1264 773 1161
3 775 774 9
3 9 774 763
3 5 776 775
3 996 775 829
3 774 776 4
3 1265 776 993
3 778 777 17
3 17 777 772
3 19 779 778
3 770 821 778
3 777 779 18
3 727 997 779
3 781 780 22
3 22 780 754
3 7 782 781
3 7 781 765
3 780 782 18
3 18 782 992
3 745 783 44
3 988 783 987
3 785 784 23
3 22 786 785
3 765 781 785
3 784 786 54
3 986 786 985
3 46 788 787
3 46 787 751
3 743 788 45
3 45 788 762
3 790 789 86
3 86 789 977
3 75 791 790
3 749 1149 790
3 789 791 85
3 793 791 792
3 74 793 792
3 751 787 792
3 791 793 85
3 85 793 795
3 795 794 85
3 1257 794 1256
3 83 796 795
3 793 1268 795
3 794 796 90
3 1009 796 1010
3 84 798 797
3 1013 797 974
3 742 798 74
3 74 798 1268
3 800 799 132
3 1171 799 1170
3 128 801 800
3 738 1172 800
3 799 801 131
3 973 801 972
3 667 802 138
3 2109 802 2108
3 137 802 803
3 739 968 803
3 143 737 804
3 735 1252 804
3 806 805 160
3 160 805 1283
3 161 807 806
3 1173 806 1103
3 805 807 154
3 809 807 808
3 155 809 808
3 730 962 808
3 807 809 154
3 154 809 965
3 21 811 810
3 21 810 1024
3 729 811 177
3 177 811 1135
3 813 812 181
3 181 812 1029
3 21 814 813
3 819 813 818
3 812 814 180
3 180 814 961
3 816 815 186
3 959 815 958
3 179 817 816
3 1275 816 1132
3 815 817 178
3 961 817 960
3 190 819 818
3 1031 818 1030
3 813 819 21
3 21 819 1266
3 725 820 164
3 1277 820 1276
3 16 820 821
3 16 821 770
3 822 2 341
3 341 2 1278
3 340 823 822
3 340 822 890
3 825 823 824
3 321 825 824
3 1125 824 888
3 12 826 996
3 828 827 11
3 11 827 1159
3 12 829 828
3 12 828 703
3 827 829 9
3 9 829 775
3 831 830 355
3 693 1084 830
3 352 832 831
3 352 831 631
3 830 832 356
3 356 832 697
3 834 833 347
3 938 833 937
3 367 835 834
3 367 834 1047
3 833 835 366
3 366 835 1054
3 689 836 386
3 386 836 1121
3 368 836 837
3 368 837 1046
3 839 838 366
3 694 937 838
3 395 840 839
3 1280 839 1238
3 838 840 365
3 1197 840 1196
3 842 841 401
3 401 841 1086
3 365 843 842
3 931 842 897
3 841 843 399
3 1236 843 1197
3 845 844 419
3 930 844 929
3 418 846 845
3 418 845 1205
3 844 846 417
3 417 846 680
3 680 847 426
3 928 847 927
3 849 848 387
3 934 848 933
3 432 850 849
3 432 849 851
3 848 850 50
3 50 850 1148
3 433 852 851
3 849 1281 851
3 674 852 421
3 854 852 853
3 424 854 853
3 1061 853 925
3 852 854 421
3 1057 854 1056
3 856 855 461
3 1069 855 1068
3 431 857 856
3 2029 856 2028
3 855 857 457
3 859 857 858
3 427 859 858
3 676 928 858
3 857 859 457
3 457 859 1282
3 135 861 860
3 736 1171 860
3 665 861 466
3 670 1229 861
3 648 862 483
3 731 1209 862
3 864 863 489
3 489 863 1102
3 481 865 864
3 1467 864 1074
3 863 865 363
3 906 865 905
3 485 867 866
3 869 866 868
3 651 867 486
3 486 867 646
3 185 869 868
3 650 1101 868
3 866 869 485
3 485 869 657
3 644 870 500
3 500 870 1285
3 499 870 871
3 873 871 872
3 493 873 872
3 1211 872 904
3 871 873 499
3 499 873 896
3 875 874 562
3 562 874 1340
3 359 876 875
3 359 875 1617
3 874 876 481
3 481 876 905
3 878 877 341
3 341 877 1082
3 342 879 878
3 342 878 1187
3 881 879 880
3 618 881 880
3 1289 880 1185
3 1888 881 1887
3 883 882 355
3 631 831 882
3 370 884 883
3 1085 883 1084
3 882 884 354
3 1221 884 1220
3 886 885 346
3 346 885 1222
3 196 887 886
3 704 717 886
3 885 887 503
3 715 1215 887
3 340 889 888
3 340 888 824
3 638 889 616
3 891 889 890
3 615 891 890
3 822 1082 890
3 889 891 616
3 1839 891 1083
3 893 892 189
3 1127 892 1128
3 498 894 893
3 899 893 898
3 892 894 195
3 641 1216 894
3 896 895 499
3 499 895 870
3 364 897 896
3 873 1080 896
3 895 897 401
3 401 897 842
3 188 899 898
3 1130 898 1131
3 893 899 498
3 901 899 900
3 497 901 900
3 1284 900 1176
3 899 901 498
3 498 901 643
3 903 902 491
3 491 902 1077
3 492 904 903
3 1076 903 1075
3 902 904 494
3 494 904 872
3 362 906 905
3 876 1081 905
3 865 906 363
3 1123 906 1122
3 908 907 488
3 488 907 656
3 478 909 908
3 478 908 1105
3 907 909 489
3 1074 909 1073
3 911 910 152
3 152 910 1071
3 149 912 911
3 1136 911 1021
3 910 912 472
3 1207 912 1208
3 914 913 468
3 468 913 1630
3 466 915 914
3 466 914 666
3 913 915 465
3 1107 915 1106
3 917 916 456
3 456 916 1107
3 419 918 917
3 419 917 845
3 916 918 420
3 420 918 686
3 920 919 133
3 133 919 740
3 458 921 920
3 669 1067 920
3 919 921 459
3 459 921 1064
3 923 922 389
3 935 922 936
3 416 924 923
3 416 923 1055
3 922 924 388
3 926 924 925
3 433 926 925
3 433 925 853
3 924 926 388
3 388 926 1120
3 427 928 927
3 427 927 859
3 847 928 426
3 426 928 676
3 390 930 929
3 679 1055 929
3 844 930 419
3 686 918 930
3 842 931 365
3 365 931 695
3 690 932 49
3 49 932 1164
3 50 932 933
3 50 933 848
3 848 934 387
3 1120 934 1121
3 922 935 389
3 389 935 1051
3 368 935 936
3 368 936 836
3 350 938 937
3 350 937 694
3 833 938 347
3 942 938 941
3 695 939 361
3 1193 939 1192
3 698 940 349
3 696 1044 940
3 350 940 941
3 350 941 938
3 938 942 347
3 1041 942 1040
3 632 943 335
3 335 943 1034
3 41 943 944
3 1154 944 1155
3 636 945 339
3 339 945 1125
3 322 945 946
3 709 947 946
3 322 946 947
3 1856 947 1855
3 949 948 187
3 187 948 1275
3 193 950 949
3 193 949 714
3 948 950 182
3 952 950 951
3 191 952 951
3 718 1247 951
3 950 952 182
3 1029 952 1030
3 954 953 171
3 732 1250 953
3 174 955 954
3 1023 954 1022
3 953 955 168
3 957 955 956
3 178 957 956
3 1249 956 1133
3 955 957 168
3 168 957 1028
3 183 959 958
3 183 958 1174
3 815 959 186
3 186 959 1130
3 180 961 960
3 1274 960 1273
3 817 961 178
3 814 1024 961
3 155 808 962
3 155 962 1578
3 964 963 152
3 1021 963 1020
3 154 965 964
3 1070 964 1071
3 963 965 153
3 809 966 965
3 153 965 966
3 1580 966 1577
3 968 967 137
3 137 967 2107
3 130 969 968
3 130 968 739
3 967 969 136
3 971 969 970
3 129 971 970
3 1142 970 1016
3 969 971 136
3 136 971 1271
3 127 973 972
3 127 972 1269
3 801 973 131
3 131 973 1142
3 746 974 95
3 95 974 797
3 94 974 975
3 94 975 1145
3 747 976 87
3 1168 976 1167
3 91 976 977
3 789 1257 977
3 979 978 84
3 1258 978 1011
3 79 980 979
3 1014 979 1013
3 978 980 82
3 1008 980 1007
3 982 981 47
3 1596 981 1435
3 46 983 982
3 1261 982 1260
3 53 985 984
3 1801 984 1800
3 753 985 22
3 22 985 786
3 786 986 54
3 25 988 987
3 25 987 990
3 783 988 44
3 1003 988 1002
3 25 990 989
3 25 989 1163
3 767 990 4
3 987 991 990
3 4 990 991
3 763 774 991
3 772 992 6
3 782 1162 992
3 994 993 5
3 5 993 776
3 13 995 994
3 13 994 826
3 993 995 6
3 1161 995 1160
3 775 996 5
3 826 994 996
3 998 997 20
3 20 997 727
3 21 999 998
3 21 998 811
3 997 999 18
3 754 780 999
3 1001 1000 42
3 42 1000 1154
3 43 1002 1001
3 1164 1001 1156
3 1000 1002 25
3 25 1002 988
3 988 1003 44
3 44 1003 975
3 784 1004 23
3 23 1004 760
3 1006 1005 80
3 80 1005 1110
3 81 1007 1006
3 81 1006 1115
3 1005 1007 79
3 79 1007 980
3 980 1008 82
3 1165 1008 1113
3 796 1009 90
3 2103 1009 1993
3 89 1009 1010
3 1012 1010 1011
3 82 1012 1011
3 82 1011 978
3 1010 1012 89
3 1166 1012 1165
3 797 1013 84
3 84 1013 979
3 979 1014 79
3 1169 1014 1144
3 131 1016 1015
3 1170 1015 1108
3 741 1016 130
3 130 1016 970
3 1018 1017 142
3 1141 1017 1140
3 78 1019 1018
3 78 1018 1436
3 1017 1019 77
3 150 1021 1020
3 1398 1020 1397
3 963 1021 152
3 152 1021 911
3 173 1023 1022
3 173 1022 1248
3 954 1023 174
3 721 1133 1023
3 178 961 1024
3 810 1129 1024
3 167 1026 1025
3 1027 1025 1028
3 724 1026 166
3 166 1026 1212
3 1025 1027 167
3 728 1173 1027
3 176 1027 1028
3 957 1129 1028
3 952 1029 182
3 812 1274 1029
3 181 1029 1030
3 181 1030 818
3 818 1031 190
3 1179 1031 1178
3 1033 1032 336
3 336 1032 1245
3 335 1034 1033
3 335 1033 633
3 1032 1034 70
3 943 1035 1034
3 70 1034 1035
3 1153 1035 1152
3 1037 1036 344
3 344 1036 1244
3 343 1038 1037
3 1218 1037 1219
3 1036 1038 59
3 59 1038 757
3 757 1039 57
3 1186 1039 1185
3 352 1041 1040
3 697 832 1040
3 942 1041 347
3 347 1041 1048
3 1043 1042 360
3 360 1042 1123
3 349 1044 1043
3 1190 1043 1189
3 1042 1044 361
3 361 1044 696
3 1046 1045 368
3 368 1045 935
3 367 1047 1046
3 837 1119 1046
3 1045 1047 351
3 834 1048 1047
3 351 1047 1048
3 1041 1279 1048
3 1050 1049 390
3 390 1049 1241
3 389 1051 1050
3 389 1050 923
3 1049 1051 351
3 935 1045 1051
3 1053 1052 392
3 392 1052 1200
3 366 1054 1053
3 1238 1053 1237
3 1052 1054 385
3 835 1119 1054
3 390 929 1055
3 923 1050 1055
3 422 1057 1056
3 1118 1056 1117
3 854 1057 421
3 421 1057 675
3 1059 1058 425
3 425 1058 1203
3 430 1060 1059
3 430 1059 678
3 1058 1060 429
3 2025 1060 2024
3 853 1061 424
3 683 1202 1061
3 672 1062 460
3 460 1062 1229
3 456 1062 1063
3 1065 1063 1064
3 455 1065 1064
3 921 1230 1064
3 1063 1065 456
3 1205 1065 1204
3 1067 1066 458
3 458 1066 1230
3 462 1068 1067
3 462 1067 669
3 1066 1068 457
3 457 1068 855
3 855 1069 461
3 2132 1069 2131
3 964 1070 154
3 154 1070 805
3 473 1070 1071
3 910 1072 1071
3 473 1071 1072
3 1619 1072 1465
3 473 1074 1073
3 1283 1073 1104
3 909 1074 489
3 489 1074 864
3 490 1076 1075
3 490 1075 653
3 903 1076 492
3 654 1226 1076
3 1078 1077 497
3 902 1225 1077
3 495 1079 1078
3 495 1078 1101
3 1077 1079 491
3 653 1075 1079
3 364 896 1080
3 364 1080 1226
3 362 905 1081
3 362 1081 1122
3 615 890 1082
3 877 1083 1082
3 615 1082 1083
3 615 1083 891
3 371 1085 1084
3 371 1084 693
3 883 1085 370
3 1295 1085 1294
3 1087 1086 344
3 841 1219 1086
3 345 1088 1087
3 345 1087 707
3 1086 1088 401
3 1090 1088 1089
3 501 1090 1089
3 705 1222 1089
3 1088 1090 401
3 1285 1090 1099
3 1092 1091 336
3 336 1091 1217
3 337 1093 1092
3 337 1092 712
3 1091 1093 412
3 1095 1093 1094
3 625 1095 1094
3 710 1223 1094
3 1093 1095 412
3 412 1095 1834
3 1097 1096 503
3 503 1096 885
3 502 1098 1097
3 1216 1097 1215
3 1096 1098 501
3 640 1099 1098
3 501 1098 1099
3 501 1099 1090
3 657 1100 172
3 719 1248 1100
3 185 868 1101
3 1078 1284 1101
3 656 1102 364
3 863 1192 1102
3 1104 1103 160
3 160 1103 806
3 478 1105 1104
3 478 1104 1073
3 1103 1105 167
3 908 1210 1105
3 456 1107 1106
3 456 1106 1062
3 915 1107 465
3 916 1206 1107
3 134 1109 1108
3 134 1108 1015
3 671 1109 459
3 740 919 1109
3 93 1111 1110
3 1005 1169 1110
3 673 1111 432
3 432 1111 850
3 1113 1112 88
3 2187 1112 2186
3 81 1114 1113
3 81 1113 1008
3 1112 1114 428
3 1116 1114 1115
3 422 1116 1115
3 1006 1235 1115
3 1114 1116 428
3 1234 1116 1233
3 423 1118 1117
3 1203 1117 1202
3 1056 1118 422
3 1233 1118 1232
3 385 1054 1119
3 385 1119 837
3 934 1120 387
3 926 1281 1120
3 388 1120 1121
3 836 936 1121
3 360 1123 1122
3 1081 1189 1122
3 906 1123 363
3 1042 1193 1123
3 691 1124 357
3 1460 1124 1459
3 824 1125 321
3 945 1126 1125
3 321 1125 1126
3 1899 1126 1856
3 892 1127 189
3 189 1127 1131
3 187 1127 1128
3 714 949 1128
3 176 1028 1129
3 176 1129 810
3 898 1130 188
3 959 1177 1130
3 186 1130 1131
3 1127 1132 1131
3 186 1131 1132
3 186 1132 816
3 174 1023 1133
3 174 1133 956
3 177 1135 1134
3 177 1134 962
3 726 1135 20
3 811 998 1135
3 911 1136 149
3 149 1136 734
3 1138 1137 147
3 147 1137 1561
3 142 1139 1138
3 142 1138 1018
3 1137 1139 143
3 143 1139 1172
3 128 1141 1140
3 128 1140 972
3 1017 1141 142
3 142 1141 1139
3 970 1142 129
3 973 1143 1142
3 129 1142 1143
3 1253 1143 1254
3 1145 1144 94
3 94 1144 1014
3 43 1146 1145
3 975 1003 1145
3 1144 1146 93
3 1148 1146 1147
3 50 1148 1147
3 50 1147 932
3 1146 1148 93
3 850 1111 1148
3 75 790 1149
3 75 1149 752
3 1151 1150 51
3 51 1150 761
3 67 1152 1151
3 67 1151 1857
3 1150 1152 41
3 41 1152 1035
3 1035 1153 70
3 1858 1153 1857
3 944 1154 41
3 1000 1163 1154
3 42 1154 1155
3 687 1156 1155
3 42 1155 1156
3 42 1156 1001
3 1158 1157 26
3 26 1157 1610
3 11 1159 1158
3 703 828 1158
3 1157 1159 10
3 827 1243 1159
3 14 1161 1160
3 995 1161 6
3 6 1161 773
3 6 992 1162
3 768 1265 1162
3 41 1154 1163
3 989 1263 1163
3 1001 1164 43
3 932 1147 1164
3 1008 1165 82
3 82 1165 1012
3 1012 1166 89
3 89 1166 1994
3 92 1168 1167
3 92 1167 1987
3 976 1168 87
3 1271 1168 1270
3 1014 1169 79
3 79 1169 1005
3 1015 1170 131
3 131 1170 799
3 799 1171 132
3 132 1171 736
3 128 800 1172
3 1139 1141 1172
3 806 1173 161
3 161 1173 728
3 720 1174 184
3 958 1249 1174
3 183 1174 1175
3 1177 1175 1176
3 188 1177 1176
3 188 1176 900
3 1175 1177 183
3 183 1177 959
3 192 1179 1178
3 192 1178 708
3 1031 1179 190
3 1181 1179 1180
3 59 1181 1180
3 59 1180 1036
3 1179 1181 190
3 190 1181 819
3 1183 1182 165
3 1389 1182 1390
3 164 1184 1183
3 164 1183 1579
3 1182 1184 271
3 1689 1184 1277
3 342 1186 1185
3 342 1185 880
3 1039 1186 57
3 1188 1186 1187
3 324 1188 1187
3 878 1278 1187
3 1186 1188 57
3 359 1190 1189
3 359 1189 1081
3 1043 1190 349
3 349 1190 700
3 700 1191 358
3 358 1191 1459
3 363 1193 1192
3 363 1192 863
3 939 1193 361
3 361 1193 1042
3 1195 1194 394
3 394 1194 1783
3 393 1196 1195
3 393 1195 1911
3 1194 1196 395
3 395 1196 840
3 840 1197 365
3 365 1197 843
3 1199 1198 409
3 409 1198 1821
3 392 1200 1199
3 1824 1199 1823
3 1198 1200 412
3 1052 1201 1200
3 412 1200 1201
3 412 1201 1091
3 424 1061 1202
3 424 1202 1117
3 1117 1203 423
3 1058 1232 1203
3 418 1205 1204
3 1282 1204 1231
3 1065 1205 456
3 845 917 1205
3 465 1107 1206
3 465 1206 913
3 912 1207 472
3 472 1207 1462
3 470 1207 1208
3 1227 1208 1228
3 483 862 1209
3 722 1212 1209
3 167 1105 1210
3 655 1214 1210
3 872 1211 493
3 493 1211 1080
3 483 1209 1212
3 1026 1213 1212
3 483 1212 1213
3 483 1213 649
3 649 1214 490
3 490 1214 655
3 503 887 1215
3 503 1215 1097
3 1097 1216 502
3 502 1216 641
3 633 1217 385
3 1091 1201 1217
3 1037 1218 343
3 343 1218 1289
3 399 1218 1219
3 399 1219 841
3 369 1221 1220
3 1732 1220 1297
3 884 1221 354
3 354 1221 629
3 501 1089 1222
3 885 1096 1222
3 625 1094 1223
3 635 1224 1223
3 625 1223 1224
3 1915 1224 1914
3 643 1225 494
3 494 1225 902
3 492 1076 1226
3 1080 1211 1226
3 1208 1227 470
3 470 1227 1760
3 467 1227 1228
3 467 1228 662
3 466 861 1229
3 1062 1106 1229
3 455 1064 1230
3 1066 1231 1230
3 455 1230 1231
3 455 1231 1204
3 429 1233 1232
3 429 1232 1058
3 1118 1233 422
3 422 1233 1116
3 1116 1234 428
3 2163 1234 2025
3 422 1115 1235
3 675 1057 1235
3 843 1236 399
3 399 1236 1778
3 396 1238 1237
3 396 1237 1781
3 1053 1238 366
3 366 1238 839
3 391 1240 1239
3 391 1239 1534
3 630 1240 352
3 684 1241 1240
3 352 1240 1241
3 1049 1279 1241
3 629 1242 353
3 1351 1242 1350
3 10 1159 1243
3 10 1243 1261
3 707 1244 192
3 1036 1180 1244
3 712 1245 331
3 1032 1246 1245
3 331 1245 1246
3 1871 1246 1784
3 191 951 1247
3 708 1178 1247
3 172 1100 1248
3 1022 1251 1248
3 956 1249 178
3 178 1249 958
3 658 1250 170
3 170 1250 732
3 171 1250 1251
3 171 1251 1022
3 143 804 1252
3 1696 1252 1410
3 1143 1253 129
3 129 1253 971
3 87 1253 1254
3 87 1254 748
3 748 1255 76
3 76 1255 1267
3 91 1257 1256
3 91 1256 2174
3 794 1257 85
3 85 1257 789
3 978 1258 84
3 84 1258 798
3 760 1259 51
3 1865 1259 1864
3 10 1261 1260
3 1385 1260 1384
3 982 1261 46
3 1243 1262 1261
3 46 1261 1262
3 762 788 1262
3 41 1163 1263
3 761 1150 1263
3 773 1264 15
3 1584 1264 1585
3 776 1265 4
3 4 1265 768
3 59 756 1266
3 819 1181 1266
3 752 1267 77
3 1255 1269 1267
3 83 795 1268
3 798 1258 1268
3 77 1267 1269
3 972 1140 1269
3 136 1271 1270
3 136 1270 2002
3 1168 1271 87
3 971 1253 1271
3 734 1272 146
3 146 1272 1411
3 182 1274 1273
3 182 1273 948
3 960 1274 180
3 180 1274 812
3 816 1275 179
3 948 1273 1275
3 268 1277 1276
3 1414 1276 1413
3 820 1277 164
3 164 1277 1184
3 324 1187 1278
3 324 1278 3
3 324 3 1908
3 351 1048 1279
3 351 1279 1049
3 839 1280 395
3 395 1280 1194
3 387 1120 1281
3 387 1281 849
3 1204 1282 418
3 859 927 1282
3 1073 1283 473
3 805 1070 1283
3 900 1284 497
3 497 1284 1078
3 1090 1285 401
3 870 895 1285
3 1287 1286 482
3 482 1286 1665
3 565 1288 1287
3 565 1287 1468
3 1286 1288 481
3 481 1288 874
3 880 1289 618
3 1218 1290 1289
3 618 1289 1290
3 618 1290 1887
3 1292 1291 379
3 379 1291 1614
3 380 1293 1292
3 380 1292 1349
3 1291 1293 378
3 378 1293 1713
3 374 1295 1294
3 374 1294 1615
3 1085 1295 370
3 1297 1295 1296
3 373 1297 1296
3 1641 1296 1640
3 1295 1297 370
3 370 1297 1220
3 1299 1298 585
3 1499 1298 1498
3 612 1300 1299
3 612 1299 1639
3 1298 1300 575
3 1302 1300 1301
3 577 1302 1301
3 577 1301 1627
3 1300 1302 575
3 575 1302 1476
3 1304 1303 592
3 592 1303 1525
3 583 1305 1304
3 1646 1304 1645
3 1303 1305 612
3 612 1305 1301
3 1307 1306 587
3 587 1306 1529
3 610 1308 1307
3 1501 1307 1500
3 1306 1308 586
3 1310 1308 1309
3 594 1310 1309
3 594 1309 1483
3 1308 1310 586
3 1320 1310 1321
3 1312 1311 608
3 608 1311 1492
3 599 1313 1312
3 599 1312 1725
3 1311 1313 598
3 598 1313 1524
3 1315 1314 600
3 1642 1314 1643
3 576 1316 1315
3 576 1315 1474
3 1314 1316 601
3 601 1316 1726
3 1318 1317 471
3 1462 1317 1461
3 566 1319 1318
3 566 1318 1335
3 1317 1319 474
3 1634 1319 1485
3 1310 1320 586
3 1629 1320 1630
3 468 1320 1321
3 1484 1321 1483
3 1323 1322 592
3 592 1322 1645
3 591 1324 1323
3 1526 1323 1525
3 1322 1324 590
3 1635 1324 1636
3 1326 1325 580
3 1657 1325 1656
3 579 1327 1326
3 1532 1326 1531
3 1325 1327 581
3 581 1327 1477
3 1329 1328 572
3 572 1328 1532
3 571 1330 1329
3 1334 1329 1333
3 1328 1330 578
3 578 1330 1628
3 1332 1331 375
3 375 1331 1535
3 376 1333 1332
3 376 1332 1731
3 1331 1333 572
3 572 1333 1329
3 1329 1334 571
3 1716 1334 1715
3 1336 1335 567
3 1318 1763 1335
3 381 1337 1336
3 381 1336 1472
3 1335 1337 566
3 566 1337 1663
3 1339 1338 564
3 1469 1338 1468
3 562 1340 1339
3 1540 1339 1539
3 1338 1340 565
3 874 1288 1340
3 1342 1341 480
3 1486 1341 1485
3 476 1343 1342
3 476 1342 1543
3 1341 1343 477
3 477 1343 1634
3 1345 1344 379
3 379 1344 1759
3 377 1346 1345
3 1615 1345 1614
3 1344 1346 359
3 359 1346 1191
3 1348 1347 381
3 381 1347 1624
3 380 1349 1348
3 1660 1348 1661
3 1347 1349 383
3 1292 1759 1349
3 372 1351 1350
3 372 1350 1730
3 1242 1351 353
3 1546 1351 1545
3 1353 1352 309
3 1369 1352 1368
3 308 1354 1353
3 1681 1353 1680
3 1352 1354 290
3 290 1354 1455
3 1356 1355 282
3 282 1355 1371
3 281 1357 1356
3 281 1356 1572
3 1355 1357 306
3 306 1357 1757
3 1359 1358 315
3 1710 1358 1613
3 314 1360 1359
3 314 1359 1364
3 1358 1360 317
3 1362 1360 1361
3 313 1362 1361
3 1445 1361 1446
3 1360 1362 317
3 1679 1362 1678
3 1364 1363 314
3 314 1363 1446
3 302 1365 1364
3 1359 1554 1364
3 1363 1365 304
3 1367 1365 1366
3 303 1367 1366
3 1373 1366 1374
3 1365 1367 304
3 304 1367 1600
3 299 1369 1368
3 299 1368 1609
3 1352 1369 309
3 309 1369 1745
3 1371 1370 282
3 1601 1370 1600
3 305 1372 1371
3 1355 1442 1371
3 1370 1372 304
3 304 1372 1363
3 1366 1373 303
3 303 1373 1559
3 148 1373 1374
3 148 1374 1562
3 1376 1375 294
3 294 1375 1607
3 286 1377 1376
3 1565 1376 1564
3 1375 1377 293
3 1379 1377 1378
3 280 1379 1378
3 280 1378 1382
3 1377 1379 293
3 293 1379 1430
3 1381 1380 278
3 278 1380 1569
3 280 1382 1381
3 280 1381 1423
3 1380 1382 285
3 1378 1383 1382
3 285 1382 1383
3 285 1383 1427
3 31 1385 1384
3 31 1384 1421
3 1260 1385 10
3 10 1385 1695
3 1387 1386 275
3 275 1386 1687
3 273 1388 1387
3 1705 1387 1706
3 1386 1388 37
3 1574 1388 1440
3 1182 1389 165
3 165 1389 1697
3 175 1389 1390
3 175 1390 1749
3 1392 1391 162
3 162 1391 1692
3 163 1393 1392
3 1697 1392 1691
3 1391 1393 158
3 158 1393 1394
3 1395 1394 159
3 1393 1412 1394
3 156 1396 1395
3 1438 1395 1437
3 1394 1396 158
3 158 1396 1591
3 156 1398 1397
3 156 1397 1396
3 1020 1398 150
3 1693 1398 1560
3 1400 1399 36
3 1586 1399 1587
3 37 1401 1400
3 37 1400 1688
3 1399 1401 39
3 39 1401 1583
3 1403 1402 34
3 1408 1402 1407
3 35 1404 1403
3 35 1403 1586
3 1402 1404 30
3 1406 1404 1405
3 33 1406 1405
3 1589 1405 1588
3 1404 1406 30
3 32 1408 1407
3 1458 1407 1457
3 1402 1408 34
3 1504 1408 1505
3 1410 1409 148
3 148 1409 1373
3 146 1411 1410
3 146 1410 1252
3 1409 1411 151
3 1272 1693 1411
3 159 1394 1412
3 159 1412 1439
3 40 1414 1413
3 40 1413 1582
3 1276 1414 268
3 1750 1414 1592
3 1416 1415 269
3 269 1415 1576
3 272 1417 1416
3 272 1416 1574
3 1415 1417 270
3 1749 1417 1748
3 1419 1418 37
3 37 1418 1401
3 267 1420 1419
3 1576 1419 1575
3 1418 1420 38
3 38 1420 1581
3 1422 1421 279
3 1384 1593 1421
3 280 1423 1422
3 280 1422 1379
3 1421 1423 31
3 1381 1424 1423
3 31 1423 1424
3 31 1424 1702
3 1426 1425 284
3 1685 1425 1684
3 285 1427 1426
3 285 1426 1380
3 1425 1427 287
3 1383 1567 1427
3 1429 1428 292
3 292 1428 1596
3 293 1430 1429
3 293 1429 1449
3 1428 1430 279
3 1379 1422 1430
3 1432 1431 298
3 298 1431 1608
3 288 1433 1432
3 1550 1432 1549
3 1431 1433 297
3 297 1433 1558
3 1435 1434 292
3 292 1434 1450
3 78 1436 1435
3 78 1435 981
3 1434 1436 147
3 1018 1138 1436
3 303 1438 1437
3 303 1437 1705
3 1395 1438 156
3 1560 1438 1559
3 1440 1439 272
3 1412 1682 1439
3 273 1441 1440
3 273 1440 1388
3 1439 1441 159
3 159 1441 1437
3 1443 1442 306
3 306 1442 1355
3 307 1444 1443
3 307 1443 1709
3 1442 1444 305
3 1603 1444 1602
3 1361 1445 313
3 313 1445 1678
3 305 1445 1446
3 1363 1372 1446
3 1448 1447 316
3 1604 1447 1605
3 293 1449 1448
3 293 1448 1612
3 1447 1449 300
3 1429 1450 1449
3 300 1449 1450
3 1434 1683 1450
3 1452 1451 318
3 318 1451 1550
3 283 1453 1452
3 283 1452 1704
3 1451 1453 289
3 289 1453 1685
3 1455 1454 290
3 1547 1454 1548
3 319 1456 1455
3 1354 1675 1455
3 1454 1456 291
3 1757 1456 1741
3 29 1458 1457
3 1407 1458 32
3 32 1458 1701
3 377 1460 1459
3 1191 1346 1459
3 1124 1460 357
3 357 1460 692
3 472 1462 1461
3 472 1461 1466
3 1317 1462 471
3 1207 1463 1462
3 471 1462 1463
3 471 1463 1723
3 1465 1464 475
3 1544 1464 1543
3 472 1466 1465
3 472 1465 1072
3 1464 1466 476
3 1461 1714 1466
3 864 1467 481
3 481 1467 1738
3 487 1469 1468
3 1287 1664 1468
3 1338 1469 564
3 1622 1469 1621
3 1471 1470 568
3 1476 1470 1475
3 381 1472 1471
3 381 1471 1661
3 1470 1472 569
3 1336 1650 1472
3 1474 1473 576
3 1524 1473 1523
3 575 1475 1474
3 1315 1497 1474
3 1473 1475 569
3 569 1475 1470
3 1470 1476 568
3 1302 1626 1476
3 1478 1477 578
3 1327 1658 1477
3 583 1479 1478
3 1627 1478 1628
3 1477 1479 581
3 1720 1479 1646
3 1481 1480 590
3 590 1480 1322
3 589 1482 1481
3 589 1481 1514
3 1480 1482 582
3 582 1482 1720
3 595 1484 1483
3 1309 1727 1483
3 1321 1484 468
3 1653 1484 1633
3 566 1486 1485
3 566 1485 1319
3 1341 1486 480
3 480 1486 1668
3 1488 1487 602
3 602 1487 1508
3 605 1489 1488
3 605 1488 1649
3 1487 1489 603
3 1733 1489 1512
3 1491 1490 596
3 1722 1490 1721
3 608 1492 1491
3 608 1491 1638
3 1490 1492 597
3 1311 1493 1492
3 597 1492 1493
3 1652 1493 1651
3 1495 1494 606
3 1729 1494 1728
3 607 1496 1495
3 1520 1495 1519
3 1494 1496 611
3 1518 1496 1517
3 575 1474 1497
3 575 1497 1498
3 613 1499 1498
3 1497 1642 1498
3 1298 1499 585
3 585 1499 1299
3 588 1501 1500
3 588 1500 1657
3 1307 1501 610
3 1503 1501 1502
3 611 1503 1502
3 611 1502 1728
3 1501 1503 610
3 1647 1503 1518
3 1408 1504 34
3 34 1504 1403
3 36 1504 1505
3 36 1505 1747
3 1507 1506 613
3 1639 1506 1509
3 602 1508 1507
3 1644 1507 1643
3 1506 1508 584
3 1487 1521 1508
3 1510 1509 584
3 584 1509 1506
3 593 1511 1510
3 1522 1510 1521
3 1509 1511 612
3 612 1511 1303
3 1513 1512 605
3 605 1512 1489
3 589 1514 1513
3 589 1513 1729
3 1512 1514 604
3 1481 1635 1514
3 1516 1515 608
3 608 1515 1312
3 609 1517 1516
3 1637 1516 1638
3 1515 1517 607
3 607 1517 1496
3 1496 1518 611
3 611 1518 1503
3 601 1520 1519
3 1649 1519 1648
3 1495 1520 607
3 1725 1520 1726
3 603 1522 1521
3 603 1521 1487
3 1510 1522 593
3 593 1522 1526
3 598 1524 1523
3 1651 1523 1650
3 1473 1524 576
3 1313 1734 1524
3 593 1526 1525
3 1303 1511 1525
3 1323 1526 591
3 1522 1724 1526
3 1528 1527 580
3 1531 1527 1530
3 587 1529 1528
3 587 1528 1500
3 1527 1529 574
3 1306 1762 1529
3 572 1531 1530
3 572 1530 1625
3 1527 1531 580
3 580 1531 1326
3 1326 1532 579
3 1328 1658 1532
3 1534 1533 391
3 391 1533 685
3 375 1535 1534
3 1239 1546 1534
3 1533 1535 573
3 1331 1625 1535
3 1537 1536 561
3 561 1536 1542
3 382 1538 1537
3 1624 1537 1623
3 1536 1538 384
3 384 1538 1618
3 563 1540 1539
3 1663 1539 1622
3 1339 1540 562
3 1542 1540 1541
3 561 1542 1541
3 561 1541 1623
3 1540 1542 562
3 1536 1620 1542
3 479 1544 1543
3 1342 1667 1543
3 1464 1544 475
3 1738 1544 1737
3 375 1546 1545
3 375 1545 1332
3 1351 1546 353
3 353 1546 1239
3 1454 1547 290
3 290 1547 1368
3 318 1547 1548
3 318 1548 1712
3 318 1550 1549
3 1609 1549 1608
3 1432 1550 288
3 1451 1711 1550
3 1552 1551 296
3 1558 1551 1557
3 295 1553 1552
3 295 1552 1566
3 1551 1553 310
3 1677 1553 1676
3 302 1364 1554
3 1556 1554 1555
3 301 1556 1555
3 301 1555 1604
3 1554 1556 302
3 302 1556 1374
3 297 1558 1557
3 1745 1557 1744
3 1551 1558 296
3 1433 1598 1558
3 151 1560 1559
3 1373 1409 1559
3 1438 1560 156
3 156 1560 1398
3 1562 1561 148
3 1137 1696 1561
3 301 1563 1562
3 1374 1556 1562
3 1561 1563 147
3 1683 1563 1605
3 295 1565 1564
3 1606 1564 1607
3 1376 1565 286
3 1567 1565 1566
3 287 1567 1566
3 1552 1597 1566
3 1565 1567 286
3 286 1567 1383
3 1569 1568 278
3 278 1568 1424
3 284 1570 1569
3 1380 1426 1569
3 1568 1570 277
3 1594 1570 1595
3 1572 1571 281
3 1704 1571 1703
3 274 1573 1572
3 1356 1686 1572
3 1571 1573 276
3 1747 1573 1746
3 1388 1574 37
3 1416 1575 1574
3 269 1576 1575
3 269 1575 1416
3 1419 1576 267
3 1415 1753 1576
3 1578 1577 155
3 155 1577 966
3 164 1579 1578
3 962 1134 1578
3 1577 1579 157
3 1183 1690 1579
3 966 1580 153
3 1591 1580 1590
3 1582 1581 40
3 1420 1592 1581
3 39 1583 1582
3 1413 1694 1582
3 1581 1583 38
3 1401 1418 1583
3 1264 1584 15
3 15 1584 769
3 33 1584 1585
3 33 1585 1406
3 1399 1586 36
3 1403 1504 1586
3 35 1586 1587
3 35 1587 1588
3 16 1589 1588
3 1587 1694 1588
3 1405 1589 33
3 769 1584 1589
3 158 1591 1590
3 158 1590 1391
3 1580 1591 153
3 1396 1397 1591
3 40 1581 1592
3 40 1592 1414
3 279 1421 1593
3 279 1593 1428
3 1570 1594 277
3 277 1594 1755
3 283 1594 1595
3 283 1595 1453
3 981 1596 47
3 1428 1593 1596
3 1598 1597 296
3 296 1597 1552
3 288 1599 1598
3 288 1598 1433
3 1597 1599 287
3 287 1599 1684
3 275 1601 1600
3 1367 1706 1600
3 1370 1601 282
3 282 1601 1686
3 312 1603 1602
3 312 1602 1708
3 1444 1603 305
3 305 1603 1445
3 1447 1604 316
3 1555 1710 1604
3 301 1604 1605
3 301 1605 1563
3 1564 1606 295
3 295 1606 1743
3 317 1606 1607
3 1375 1612 1607
3 299 1609 1608
3 1431 1756 1608
3 1549 1609 318
3 1368 1547 1609
3 28 1611 1610
3 1157 1695 1610
3 702 1611 27
3 1674 1611 1673
3 317 1607 1612
3 1448 1613 1612
3 317 1612 1613
3 317 1613 1358
3 374 1615 1614
3 1291 1672 1614
3 1345 1615 377
3 1294 1739 1615
3 1617 1616 359
3 359 1616 1344
3 384 1618 1617
3 875 1620 1617
3 1616 1618 383
3 1538 1671 1618
3 1072 1619 473
3 473 1619 1467
3 384 1617 1620
3 384 1620 1536
3 566 1622 1621
3 566 1621 1486
3 1469 1622 564
3 564 1622 1539
3 381 1624 1623
3 1541 1761 1623
3 1537 1624 382
3 1347 1671 1624
3 573 1535 1625
3 1530 1659 1625
3 568 1476 1626
3 568 1626 1662
3 1478 1627 583
3 1301 1305 1627
3 577 1627 1628
3 1330 1718 1628
3 1320 1629 586
3 1735 1629 1736
3 420 1629 1630
3 913 1206 1630
3 1632 1631 596
3 596 1631 1491
3 469 1633 1632
3 1723 1632 1722
3 1631 1633 595
3 595 1633 1484
3 1319 1634 474
3 1343 1714 1634
3 1324 1635 590
3 590 1635 1481
3 604 1635 1636
3 604 1636 1733
3 1516 1637 609
3 609 1637 1647
3 595 1637 1638
3 1491 1631 1638
3 1506 1639 613
3 1299 1499 1639
3 376 1641 1640
3 1713 1640 1672
3 1296 1641 373
3 1730 1641 1731
3 1314 1642 600
3 600 1642 1497
3 613 1642 1643
3 613 1643 1507
3 1507 1644 602
3 602 1644 1488
3 582 1646 1645
3 1322 1480 1645
3 1304 1646 583
3 583 1646 1479
3 1503 1647 610
3 1637 1727 1647
3 605 1649 1648
3 605 1648 1513
3 1519 1649 601
3 1488 1644 1649
3 567 1651 1650
3 567 1650 1336
3 1523 1651 598
3 598 1651 1493
3 1493 1652 597
3 597 1652 1721
3 1484 1653 468
3 1670 1653 1669
3 1655 1654 589
3 589 1654 1482
3 588 1656 1655
3 588 1655 1502
3 1654 1656 581
3 581 1656 1325
3 1325 1657 580
3 1500 1528 1657
3 578 1477 1658
3 578 1658 1328
3 573 1625 1659
3 573 1659 1735
3 1348 1660 380
3 380 1660 1716
3 570 1660 1661
3 1471 1662 1661
3 570 1661 1662
3 1626 1719 1662
3 1539 1663 563
3 1337 1761 1663
3 1665 1664 482
3 482 1664 1287
3 479 1666 1665
3 1286 1737 1665
3 1664 1666 487
3 1668 1666 1667
3 480 1668 1667
3 480 1667 1342
3 1666 1668 487
3 1486 1621 1668
3 467 1670 1669
3 467 1669 1227
3 1653 1670 468
3 666 914 1670
3 382 1624 1671
3 382 1671 1538
3 374 1614 1672
3 374 1672 1640
3 29 1674 1673
3 29 1673 1758
3 1611 1674 27
3 319 1455 1675
3 1741 1675 1740
3 311 1677 1676
3 311 1676 1707
3 1553 1677 310
3 310 1677 1744
3 312 1679 1678
3 1445 1603 1678
3 1362 1679 317
3 317 1679 1606
3 311 1681 1680
3 311 1680 1677
3 1353 1681 308
3 1708 1681 1707
3 272 1439 1682
3 272 1682 1748
3 1563 1683 147
3 147 1683 1434
3 289 1685 1684
3 1599 1711 1684
3 1425 1685 284
3 1453 1595 1685
3 274 1572 1686
3 1601 1687 1686
3 274 1686 1687
3 1386 1688 1687
3 274 1687 1688
3 1400 1746 1688
3 1184 1689 271
3 1699 1689 1698
3 157 1579 1690
3 1692 1690 1691
3 162 1692 1691
3 162 1691 1392
3 1690 1692 157
3 1391 1590 1692
3 1398 1693 150
3 150 1693 1272
3 16 1588 1694
3 16 1694 1413
3 28 1610 1695
3 1385 1752 1695
3 1252 1696 143
3 143 1696 1137
3 1392 1697 163
3 1389 1751 1697
3 270 1699 1698
3 270 1698 1753
3 1689 1699 271
3 271 1699 1390
3 1701 1700 32
3 32 1700 1754
3 31 1702 1701
3 1458 1758 1701
3 1700 1702 277
3 1424 1568 1702
3 283 1704 1703
3 283 1703 1594
3 1571 1704 281
3 1452 1712 1704
3 1387 1705 273
3 1437 1441 1705
3 303 1705 1706
3 303 1706 1367
3 312 1708 1707
3 1676 1743 1707
3 1681 1708 308
3 1602 1709 1708
3 308 1708 1709
3 1443 1740 1709
3 1358 1710 315
3 315 1710 1555
3 288 1550 1711
3 288 1711 1599
3 281 1704 1712
3 1548 1742 1712
3 1457 0 29
3 1640 1713 376
3 1293 1715 1713
3 474 1634 1714
3 474 1714 1461
3 380 1716 1715
3 380 1715 1293
3 1334 1716 571
3 1660 1717 1716
3 571 1716 1717
3 1718 1717 1719
3 1717 1718 571
3 571 1718 1330
3 577 1718 1719
3 577 1719 1626
3 1479 1720 581
3 1482 1654 1720
3 471 1722 1721
3 1652 1763 1721
3 1490 1722 596
3 596 1722 1632
3 1632 1723 469
3 1463 1760 1723
3 591 1526 1724
3 591 1724 1636
3 1520 1725 607
3 1312 1515 1725
3 599 1725 1726
3 1316 1734 1726
3 610 1647 1727
3 610 1727 1309
3 589 1729 1728
3 1502 1655 1728
3 1494 1729 606
3 1513 1648 1729
3 1641 1730 373
3 1350 1732 1730
3 372 1730 1731
3 1332 1545 1731
3 1220 1732 369
3 369 1732 1350
3 1489 1733 603
3 1636 1724 1733
3 576 1524 1734
3 576 1734 1316
3 1629 1735 586
3 1659 1762 1735
3 573 1735 1736
3 685 1533 1736
3 479 1665 1737
3 479 1737 1544
3 1544 1738 475
3 1467 1619 1738
3 377 1615 1739
3 692 1460 1739
3 308 1709 1740
3 308 1740 1675
3 1675 1741 319
3 319 1741 1456
3 281 1712 1742
3 281 1742 1357
3 312 1707 1743
3 1606 1679 1743
3 309 1745 1744
3 1677 1680 1744
3 1557 1745 297
3 1369 1756 1745
3 274 1688 1746
3 274 1746 1573
3 1573 1747 276
3 1505 1754 1747
3 175 1749 1748
3 1682 1751 1748
3 1417 1749 270
3 1390 1699 1749
3 1414 1750 268
3 268 1750 1698
3 163 1697 1751
3 163 1751 1682
3 28 1695 1752
3 28 1752 1673
3 267 1576 1753
3 1698 1750 1753
3 276 1747 1754
3 1700 1755 1754
3 276 1754 1755
3 1594 1703 1755
3 299 1608 1756
3 299 1756 1369
3 1456 1757 291
3 1357 1742 1757
3 31 1701 1758
3 1673 1752 1758
3 383 1349 1759
3 1344 1616 1759
3 469 1723 1760
3 1227 1669 1760
3 563 1663 1761
3 563 1761 1541
3 574 1529 1762
3 574 1762 1659
3 567 1335 1763
3 567 1763 1652
3 1765 1764 404
3 404 1764 1838
3 415 1766 1765
3 1826 1765 1825
3 1764 1766 628
3 1916 1766 1917
3 1768 1767 619
3 1919 1767 1920
3 624 1769 1768
3 624 1768 1933
3 1767 1769 617
3 1771 1769 1770
3 623 1771 1770
3 1832 1770 1831
3 1769 1771 617
3 1827 1771 1828
3 1773 1772 620
3 1838 1772 1837
3 619 1774 1773
3 619 1773 1768
3 1772 1774 402
3 402 1774 1930
3 1776 1775 403
3 1913 1775 1825
3 407 1777 1776
3 1833 1776 1779
3 1775 1777 411
3 411 1777 1842
3 1779 1778 400
3 1236 1893 1778
3 403 1780 1779
3 403 1779 1776
3 1778 1780 399
3 1930 1780 1923
3 1782 1781 397
3 1237 1872 1781
3 394 1783 1782
3 394 1782 1195
3 1781 1783 396
3 1194 1280 1783
3 1785 1784 70
3 70 1784 1246
3 71 1786 1785
3 71 1785 1902
3 1784 1786 332
3 332 1786 1850
3 1788 1787 330
3 1818 1787 1817
3 329 1789 1788
3 1924 1788 1819
3 1787 1789 334
3 334 1789 1895
3 1791 1790 323
3 1907 1790 1908
3 325 1791 1924
3 1790 1792 324
3 324 1792 1188
3 57 1793 1816
3 1795 1794 62
3 1868 1794 1867
3 73 1796 1795
3 1849 1795 1848
3 1794 1796 69
3 1811 1796 1812
3 1798 1797 65
3 65 1797 1809
3 69 1799 1798
3 69 1798 1867
3 1797 1799 64
3 64 1799 1860
3 56 1801 1800
3 758 1904 1800
3 984 1801 53
3 1803 1801 1802
3 55 1803 1802
3 1928 1802 1810
3 1801 1803 53
3 53 1803 1
3 1805 1804 57
3 1904 1804 1807
3 60 1806 1805
3 1815 1805 1816
3 1804 1806 58
3 1927 1806 1903
3 1808 1807 58
3 58 1807 1804
3 65 1809 1808
3 65 1808 1926
3 1807 1809 56
3 1797 1810 1809
3 56 1809 1810
3 56 1810 1802
3 1796 1811 69
3 69 1811 1799
3 68 1811 1812
3 1814 1812 1813
3 72 1814 1813
3 1894 1813 1849
3 1812 1814 68
3 68 1814 1862
3 1805 1815 60
3 1869 1815 1870
3 326 1815 1816
3 1793 1820 1816
3 326 1818 1817
3 326 1817 1870
3 1787 1818 330
3 1819 1818 1820
3 1818 1819 330
3 330 1819 1788
3 325 1819 1820
3 325 1820 1793
3 1822 1821 408
3 1198 1875 1821
3 405 1823 1822
3 405 1822 1843
3 1821 1823 409
3 409 1823 1199
3 1199 1824 392
3 1872 1824 1847
3 411 1826 1825
3 411 1825 1775
3 1765 1826 415
3 415 1826 1918
3 1771 1827 617
3 617 1827 1888
3 614 1827 1828
3 1830 1828 1829
3 622 1830 1829
3 1879 1829 1878
3 1828 1830 614
3 1876 1830 1877
3 628 1832 1831
3 628 1831 1882
3 1770 1832 623
3 623 1832 1878
3 1776 1833 407
3 407 1833 1912
3 1835 1834 626
3 1095 1915 1834
3 413 1836 1835
3 1885 1835 1884
3 1834 1836 412
3 412 1836 1875
3 404 1838 1837
3 404 1837 1913
3 1772 1838 620
3 1764 1882 1838
3 891 1839 616
3 616 1839 1876
3 1841 1840 410
3 1873 1840 1874
3 411 1842 1841
3 411 1841 1932
3 1840 1842 406
3 1777 1912 1842
3 1844 1843 406
3 1822 1874 1843
3 398 1845 1844
3 398 1844 1892
3 1843 1845 405
3 1847 1845 1846
3 397 1847 1846
3 1911 1846 1891
3 1845 1847 405
3 405 1847 1824
3 334 1849 1848
3 334 1848 1817
3 1795 1849 73
3 73 1849 1813
3 1851 1850 333
3 1786 1910 1850
3 329 1852 1851
3 329 1851 1789
3 1850 1852 332
3 1854 1852 1853
3 328 1854 1853
3 1929 1853 1925
3 1852 1854 332
3 332 1854 1871
3 320 1856 1855
3 1909 1855 1898
3 947 1856 322
3 322 1856 1126
3 66 1858 1857
3 1151 1866 1857
3 1153 1858 70
3 70 1858 1785
3 1860 1859 64
3 64 1859 1928
3 68 1861 1860
3 1799 1811 1860
3 1859 1861 63
3 1863 1861 1862
3 66 1863 1862
3 1814 1900 1862
3 1861 1863 63
3 63 1863 1865
3 63 1865 1864
3 1906 1864 1905
3 1259 1865 51
3 1863 1866 1865
3 1803 1905 1
3 51 1865 1866
3 51 1866 1151
3 61 1868 1867
3 1798 1926 1867
3 1794 1868 62
3 62 1868 1869
3 1815 1869 60
3 1868 1903 1869
3 62 1869 1870
3 1817 1848 1870
3 1246 1871 331
3 1854 1897 1871
3 1824 1872 392
3 392 1872 1237
3 1840 1873 410
3 410 1873 1922
3 408 1873 1874
3 408 1874 1822
3 408 1821 1875
3 1836 1890 1875
3 1830 1876 614
3 1839 1889 1876
3 616 1876 1877
3 616 1877 639
3 627 1879 1878
3 1832 1916 1878
3 1829 1879 622
3 1881 1879 1880
3 626 1881 1880
3 1884 1880 1883
3 1879 1881 622
3 622 1881 1886
3 620 1838 1882
3 1831 1933 1882
3 414 1884 1883
3 1918 1883 1917
3 1880 1884 626
3 626 1884 1835
3 1835 1885 413
3 1922 1885 1921
3 639 1886 621
3 1881 1914 1886
3 617 1888 1887
3 1290 1920 1887
3 408 1875 1890
3 408 1890 1873
3 1892 1891 398
3 398 1891 1846
3 400 1893 1892
3 1844 1931 1892
3 1891 1893 393
3 393 1893 1236
3 1813 1894 72
3 1896 1894 1895
3 333 1896 1895
3 1789 1851 1895
3 1894 1896 72
3 72 1896 1901
3 331 1871 1897
3 331 1897 713
3 713 1898 327
3 327 1898 1855
3 1126 1899 321
3 321 1899 825
3 66 1862 1900
3 1902 1900 1901
3 71 1902 1901
3 1896 1910 1901
3 1900 1902 66
3 1785 1858 1902
3 60 1869 1903
3 60 1903 1806
3 1804 1904 57
3 57 1904 758
3 55 1906 1905
3 55 1905 1803
3 1864 1906 63
3 63 1906 1859
3 1790 1907 323
3 323 1907 1929
3 320 1907 1908
3 1855 1909 320
3 320 1909 1907
3 71 1901 1910
3 71 1910 1786
3 1846 1911 397
3 1195 1782 1911
3 406 1842 1912
3 1833 1931 1912
3 1775 1913 403
3 1837 1923 1913
3 621 1886 1914
3 621 1914 1224
3 1224 1915 625
3 625 1915 1095
3 1766 1916 628
3 628 1916 1832
3 627 1916 1917
3 627 1917 1883
3 1883 1918 414
3 1826 1932 1918
3 1767 1919 619
3 619 1919 1774
3 399 1919 1920
3 399 1920 1290
3 410 1922 1921
3 410 1921 1841
3 1885 1922 413
3 1873 1890 1922
3 403 1913 1923
3 403 1923 1780
3 1788 1924 329
3 1791 1925 1924
3 329 1924 1925
3 329 1925 1853
3 61 1867 1926
3 1808 1927 1926
3 1806 1927 58
3 58 1927 1808
3 1802 1928 55
3 1859 1906 1928
3 1853 1929 328
3 1907 1909 1929
3 1780 1930 399
3 1774 1919 1930
3 406 1912 1931
3 406 1931 1844
3 414 1918 1932
3 1841 1921 1932
3 620 1882 1933
3 1768 1773 1933
3 1935 1934 536
3 536 1934 2140
3 236 1936 1935
3 2198 1935 1940
3 1934 1936 539
3 1938 1936 1937
3 240 1938 1937
3 2203 1937 2165
3 1936 1938 539
3 539 1938 2331
3 1940 1939 509
3 509 1939 2151
3 536 1941 1940
3 536 1940 1935
3 1939 1941 534
3 534 1941 2053
3 1943 1942 513
3 1948 1942 1947
3 529 1944 1943
3 2193 1943 2194
3 1942 1944 515
3 515 1944 2038
3 1946 1945 514
3 2037 1945 2038
3 512 1947 1946
3 512 1946 2063
3 1945 1947 515
3 515 1947 1942
3 1942 1948 513
3 2135 1948 2067
3 1950 1949 201
3 201 1949 2201
3 203 1951 1950
3 203 1950 2111
3 1949 1951 506
3 1953 1951 1952
3 507 1953 1952
3 2189 1952 2190
3 1951 1953 506
3 506 1953 2036
3 1955 1954 504
3 504 1954 2031
3 441 1956 1955
3 441 1955 2066
3 1954 1956 437
3 437 1956 2161
3 1958 1957 439
3 439 1957 1961
3 443 1959 1958
3 443 1958 2191
3 1957 1959 442
3 2071 1959 2070
3 1961 1960 439
3 2026 1960 2027
3 438 1962 1961
3 1957 2130 1961
3 1960 1962 435
3 1964 1962 1963
3 434 1964 1963
3 2078 1963 2077
3 1962 1964 435
3 435 1964 2163
3 1966 1965 235
3 2126 1965 2125
3 237 1967 1966
3 2184 1966 2081
3 1965 1967 238
3 2079 1967 2020
3 1969 1968 205
3 205 1968 2010
3 232 1970 1969
3 2083 1969 2082
3 1968 1970 207
3 1972 1970 1971
3 233 1972 1971
3 2205 1971 2121
3 1970 1972 207
3 2080 1972 2081
3 1974 1973 211
3 2167 1973 2120
3 228 1975 1974
3 2182 1974 2181
3 1973 1975 227
3 2474 1975 2472
3 1977 1976 215
3 215 1976 2013
3 219 1978 1977
3 2349 1977 2348
3 1976 1978 220
3 220 1978 2261
3 1980 1979 108
3 108 1979 2210
3 212 1981 1980
3 2085 1980 2084
3 1979 1981 210
3 2179 1981 2180
3 1983 1982 201
3 201 1982 2177
3 199 1984 1983
3 199 1983 2134
3 1982 1984 200
3 1986 1984 1985
3 198 1986 1985
3 198 1985 2007
3 1984 1986 200
3 2217 1986 2171
3 1988 1987 100
3 1167 2175 1987
3 139 1989 1988
3 139 1988 2093
3 1987 1989 92
3 92 1989 1270
3 1991 1990 105
3 105 1990 2090
3 100 1992 1991
3 100 1991 1988
3 1990 1992 104
3 104 1992 2101
3 1994 1993 89
3 89 1993 1009
3 97 1995 1994
3 1166 2213 1994
3 1993 1995 98
3 98 1995 2098
3 1997 1996 101
3 101 1996 2076
3 102 1998 1997
3 102 1997 1999
3 1996 1998 96
3 2212 1998 2211
3 2000 1999 106
3 1997 2075 1999
3 107 2001 2000
3 107 2000 2216
3 1999 2001 102
3 2173 2001 2106
3 2003 2002 139
3 1270 1989 2002
3 140 2004 2003
3 140 2003 2006
3 2002 2004 136
3 136 2004 967
3 2006 2005 140
3 2107 2005 2108
3 198 2007 2006
3 2003 2172 2006
3 2005 2007 141
3 1985 2156 2007
3 2009 2008 204
3 204 2008 2153
3 205 2010 2009
3 205 2009 2082
3 2008 2010 206
3 1968 2011 2010
3 206 2010 2011
3 2164 2011 2080
3 2013 2012 215
3 2086 2012 2085
3 214 2014 2013
3 1976 2018 2013
3 2012 2014 212
3 2169 2014 2170
3 2016 2015 229
3 229 2015 2446
3 214 2017 2016
3 214 2016 2170
3 2015 2017 230
3 2019 2017 2018
3 220 2019 2018
3 220 2018 1976
3 2017 2019 230
3 2021 2019 2020
3 237 2021 2020
3 237 2020 1967
3 2019 2021 230
3 2221 2021 2220
3 2023 2022 436
3 677 2129 2022
3 435 2024 2023
3 435 2023 2027
3 2022 2024 430
3 430 2024 1060
3 1060 2025 429
3 429 2025 1234
3 1960 2026 439
3 439 2026 1958
3 440 2026 2027
3 2023 2162 2027
3 463 2029 2028
3 463 2028 2068
3 856 2029 431
3 431 2029 2127
3 2031 2030 504
3 2033 2030 2034
3 463 2032 2031
3 1954 2202 2031
3 2030 2032 505
3 2069 2032 2068
3 2030 2033 504
3 504 2033 2222
3 510 2033 2034
3 2036 2034 2035
3 506 2036 2035
3 506 2035 1949
3 2034 2036 510
3 1953 2136 2036
3 1945 2037 514
3 514 2037 2150
3 516 2037 2038
3 1944 2055 2038
3 2040 2039 527
3 2137 2039 2136
3 511 2041 2040
3 511 2040 2199
3 2039 2041 510
3 510 2041 2033
3 2043 2042 527
3 527 2042 2040
3 533 2044 2043
3 533 2043 2196
3 2042 2044 526
3 2046 2044 2045
3 532 2046 2045
3 532 2045 2139
3 2044 2046 526
3 2453 2046 2452
3 2048 2047 538
3 2369 2047 2330
3 537 2049 2048
3 2141 2048 2142
3 2047 2049 539
3 539 2049 1934
3 2051 2050 535
3 535 2050 2458
3 534 2052 2051
3 2139 2051 2138
3 2050 2052 531
3 2054 2052 2053
3 537 2054 2053
3 1941 2140 2053
3 2052 2054 531
3 531 2054 2146
3 516 2038 2055
3 2057 2055 2056
3 530 2057 2056
3 2442 2056 2441
3 2055 2057 516
3 516 2057 2061
3 2059 2058 517
3 517 2058 2307
3 516 2060 2059
3 516 2059 2037
3 2058 2060 521
3 2062 2060 2061
3 522 2062 2061
3 2057 2144 2061
3 2060 2062 521
3 2238 2062 2239
3 2064 2063 440
3 1946 2192 2063
3 441 2065 2064
3 441 2064 1956
3 2063 2065 512
3 2067 2065 2066
3 511 2067 2066
3 1955 2222 2066
3 2065 2067 512
3 512 2067 1948
3 464 2069 2068
3 2028 2132 2068
3 2032 2069 505
3 2134 2069 2133
3 445 2071 2070
3 2147 2070 2148
3 1959 2071 442
3 2073 2071 2072
3 444 2073 2072
3 444 2072 2338
3 2071 2073 442
3 2157 2073 2158
3 2075 2074 106
3 106 2074 2157
3 101 2076 2075
3 101 2075 1997
3 2074 2076 438
3 1996 2077 2076
3 96 2078 2077
3 96 2077 1996
3 1963 2078 434
3 2185 2078 2186
3 1967 2079 238
3 2260 2079 2261
3 1972 2080 207
3 207 2080 2011
3 235 2080 2081
3 235 2081 1966
3 202 2083 2082
3 2009 2112 2082
3 1969 2083 232
3 232 2083 2122
3 111 2085 2084
3 2094 2084 2095
3 1980 2085 212
3 212 2085 2012
3 2012 2086 215
3 2262 2086 2263
3 2088 2087 197
3 197 2087 2217
3 105 2089 2088
3 2093 2088 2092
3 2087 2089 208
3 2091 2089 2090
3 209 2091 2090
3 1990 2113 2090
3 2089 2091 208
3 2168 2091 2118
3 139 2093 2092
3 2172 2092 2171
3 2088 2093 105
3 1988 1991 2093
3 2084 2094 111
3 111 2094 2264
3 110 2094 2095
3 2097 2095 2096
3 107 2097 2096
3 2106 2096 2105
3 2095 2097 110
3 2215 2097 2216
3 2099 2098 103
3 1995 2214 2098
3 104 2100 2099
3 2210 2099 2105
3 2098 2100 98
3 2102 2100 2101
3 99 2102 2101
3 1992 2104 2101
3 2100 2102 98
3 98 2102 2103
3 1009 2103 90
3 2102 2176 2103
3 99 2101 2104
3 2174 2104 2175
3 103 2106 2105
3 103 2105 2099
3 2096 2106 107
3 107 2106 2001
3 2005 2107 140
3 967 2004 2107
3 137 2107 2108
3 137 2108 802
3 802 2109 138
3 2188 2109 2155
3 2111 2110 203
3 203 2110 2190
3 202 2112 2111
3 1950 2177 2111
3 2110 2112 204
3 204 2112 2009
3 2114 2113 104
3 104 2113 1990
3 210 2115 2114
3 210 2114 1979
3 2113 2115 209
3 209 2115 2167
3 2117 2116 225
3 2119 2116 2120
3 226 2118 2117
3 226 2117 2123
3 2116 2118 209
3 209 2118 2091
3 2116 2119 225
3 225 2119 2124
3 227 2119 2120
3 227 2120 1973
3 2122 2121 232
3 232 2121 1971
3 226 2123 2122
3 2083 2183 2122
3 2121 2123 231
3 2117 2124 2123
3 231 2123 2124
3 2119 2462 2124
3 239 2126 2125
3 2346 2125 2347
3 1965 2126 235
3 235 2126 2203
3 2128 2127 437
3 2029 2202 2127
3 436 2129 2128
3 2162 2128 2161
3 2127 2129 431
3 431 2129 677
3 438 1961 2130
3 438 2130 2074
3 464 2132 2131
3 668 2188 2131
3 1069 2132 461
3 461 2132 2028
3 199 2134 2133
3 2156 2133 2155
3 2069 2134 505
3 1983 2201 2134
3 1948 2135 513
3 513 2135 2194
3 510 2036 2136
3 510 2136 2039
3 2039 2137 527
3 2223 2137 2189
3 532 2139 2138
3 532 2138 2452
3 2051 2139 534
3 2045 2143 2139
3 537 2053 2140
3 1934 2049 2140
3 2048 2141 537
3 537 2141 2054
3 522 2141 2142
3 522 2142 2239
3 534 2139 2143
3 2197 2143 2196
3 522 2061 2144
3 2146 2144 2145
3 531 2146 2145
3 531 2145 2478
3 2144 2146 522
3 2054 2141 2146
3 2070 2147 445
3 445 2147 2305
3 517 2147 2148
3 2150 2148 2149
3 514 2150 2149
3 2192 2149 2191
3 2148 2150 517
3 2037 2059 2150
3 2152 2151 508
3 1939 2197 2151
3 204 2153 2152
3 204 2152 2110
3 2151 2153 509
3 2008 2154 2153
3 509 2153 2154
3 509 2154 2198
3 141 2156 2155
3 141 2155 2109
3 2133 2156 199
3 199 2156 1985
3 2073 2157 442
3 2074 2130 2157
3 106 2157 2158
3 2160 2158 2159
3 109 2160 2159
3 2246 2159 2245
3 2158 2160 106
3 106 2160 2000
3 440 2162 2161
3 1956 2064 2161
3 2128 2162 436
3 436 2162 2023
3 1234 2163 428
3 1964 2185 2163
3 2011 2164 206
3 2166 2164 2165
3 236 2166 2165
3 236 2165 1937
3 2164 2166 206
3 206 2166 2154
3 1973 2167 211
3 2115 2179 2167
3 2091 2168 208
3 2209 2168 2208
3 2014 2169 212
3 212 2169 2180
3 213 2169 2170
3 2016 2219 2170
3 198 2172 2171
3 198 2171 1986
3 2092 2172 139
3 139 2172 2003
3 2001 2173 102
3 102 2173 2211
3 2104 2174 99
3 1256 2176 2174
3 91 2174 2175
3 91 2175 1167
3 90 2103 2176
3 90 2176 1256
3 202 2111 2177
3 1982 2178 2177
3 202 2177 2178
3 202 2178 2183
3 1981 2179 210
3 210 2179 2115
3 211 2179 2180
3 2169 2181 2180
3 211 2180 2181
3 211 2181 1974
3 1974 2182 228
3 2218 2182 2219
3 226 2122 2183
3 2178 2208 2183
3 1966 2184 237
3 2220 2184 2207
3 2078 2185 434
3 434 2185 1964
3 428 2185 2186
3 428 2186 1112
3 1112 2187 88
3 2213 2187 2212
3 2109 2188 138
3 138 2188 668
3 1952 2189 507
3 507 2189 2137
3 508 2189 2190
3 2110 2152 2190
3 440 2192 2191
3 1958 2026 2191
3 2149 2192 514
3 514 2192 1946
3 1943 2193 529
3 529 2193 2466
3 528 2193 2194
3 2135 2195 2194
3 528 2194 2195
3 2200 2195 2199
3 508 2197 2196
3 2043 2223 2196
3 2143 2197 534
3 534 2197 1939
3 1935 2198 236
3 2154 2166 2198
3 526 2200 2199
3 2040 2042 2199
3 2195 2200 528
3 2475 2200 2453
3 505 2134 2201
3 1949 2035 2201
3 437 2127 2202
3 437 2202 1954
3 1937 2203 240
3 2126 2204 2203
3 240 2203 2204
3 2395 2204 2346
3 1971 2205 233
3 2207 2205 2206
3 234 2207 2206
3 234 2206 2480
3 2205 2207 233
3 233 2207 2184
3 226 2183 2208
3 226 2208 2168
3 2168 2209 208
3 208 2209 2087
3 2099 2210 104
3 1979 2114 2210
3 97 2212 2211
3 2173 2214 2211
3 1998 2212 96
3 96 2212 2187
3 2187 2213 88
3 88 2213 1166
3 97 2211 2214
3 97 2214 1995
3 2097 2215 110
3 110 2215 2354
3 109 2215 2216
3 2000 2160 2216
3 1986 2217 200
3 2087 2209 2217
3 2182 2218 228
3 2445 2218 2446
3 229 2218 2219
3 229 2219 2016
3 2184 2220 237
3 237 2220 2021
3 2021 2221 230
3 230 2221 2463
3 511 2066 2222
3 2033 2041 2222
3 2137 2223 527
3 527 2223 2043
3 2225 2224 560
3 2324 2224 2319
3 252 2226 2225
3 2427 2225 2426
3 2224 2226 559
3 2322 2226 2323
3 2228 2227 520
3 520 2227 2238
3 554 2229 2228
3 554 2228 2231
3 2227 2229 518
3 518 2229 2237
3 2231 2230 554
3 554 2230 2425
3 553 2232 2231
3 2228 2373 2231
3 2230 2232 555
3 555 2232 2477
3 2234 2233 523
3 523 2233 2311
3 519 2235 2234
3 519 2234 2303
3 2233 2235 547
3 2237 2235 2236
3 518 2237 2236
3 2307 2236 2306
3 2235 2237 547
3 2229 2375 2237
3 2062 2238 521
3 2227 2368 2238
3 520 2238 2239
3 2142 2422 2239
3 2241 2240 450
3 2389 2240 2388
3 451 2242 2241
3 2301 2241 2302
3 2240 2242 119
3 2244 2242 2243
3 122 2244 2243
3 2366 2243 2367
3 2242 2244 119
3 119 2244 2278
3 446 2246 2245
3 2339 2245 2338
3 2159 2246 109
3 2248 2246 2247
3 112 2248 2247
3 2298 2247 2297
3 2246 2248 109
3 109 2248 2215
3 2250 2249 261
3 261 2249 2391
3 264 2251 2250
3 2365 2250 2364
3 2249 2251 262
3 2253 2251 2252
3 265 2253 2252
3 2432 2252 2390
3 2251 2253 262
3 2296 2253 2295
3 2255 2254 218
3 218 2254 2260
3 257 2256 2255
3 257 2255 2412
3 2254 2256 247
3 247 2256 2451
3 2258 2257 221
3 221 2257 2434
3 222 2259 2258
3 2407 2258 2406
3 2257 2259 249
3 249 2259 2416
3 2079 2260 238
3 2254 2347 2260
3 218 2260 2261
3 1978 2349 2261
3 2086 2262 215
3 2348 2262 2291
3 216 2262 2263
3 2265 2263 2264
3 114 2265 2264
3 2094 2272 2264
3 2263 2265 216
3 2267 2265 2266
3 217 2267 2266
3 2397 2266 2396
3 2265 2267 216
3 2434 2267 2399
3 2269 2268 123
3 123 2268 2435
3 124 2270 2269
3 124 2269 2285
3 2268 2270 121
3 121 2270 2407
3 2272 2271 114
3 2404 2271 2402
3 110 2273 2272
3 110 2272 2094
3 2271 2273 113
3 2353 2273 2354
3 2275 2274 116
3 116 2274 2436
3 115 2276 2275
3 2403 2275 2402
3 2274 2276 118
3 2278 2276 2277
3 119 2278 2277
3 2388 2277 2299
3 2276 2278 118
3 2244 2352 2278
3 2280 2279 123
3 123 2279 2269
3 125 2281 2280
3 125 2280 2405
3 2279 2281 126
3 126 2281 2421
3 2283 2282 223
3 223 2282 2411
3 124 2284 2283
3 124 2283 2437
3 2282 2284 224
3 2286 2284 2285
3 126 2286 2285
3 2269 2279 2285
3 2284 2286 224
3 224 2286 2430
3 2288 2287 247
3 247 2287 2395
3 253 2289 2288
3 2450 2288 2451
3 2287 2289 248
3 2394 2289 2393
3 2291 2290 218
3 218 2290 2255
3 216 2292 2291
3 216 2291 2262
3 2290 2292 258
3 258 2292 2414
3 2294 2293 266
3 266 2293 2427
3 263 2295 2294
3 263 2294 2379
3 2293 2295 265
3 265 2295 2253
3 2253 2296 262
3 262 2296 2342
3 448 2298 2297
3 448 2297 2417
3 2247 2298 112
3 2300 2298 2299
3 115 2300 2299
3 115 2299 2277
3 2298 2300 112
3 112 2300 2353
3 2241 2301 451
3 451 2301 2386
3 452 2301 2302
3 452 2302 2384
3 2304 2303 447
3 2234 2335 2303
3 445 2305 2304
3 445 2304 2072
3 2303 2305 519
3 2147 2306 2305
3 519 2305 2306
3 519 2306 2236
3 2236 2307 518
3 2058 2368 2307
3 2309 2308 452
3 2336 2308 2337
3 524 2310 2309
3 2385 2309 2384
3 2308 2310 454
3 2431 2310 2371
3 2312 2311 548
3 2233 2374 2311
3 524 2313 2312
3 524 2312 2372
3 2311 2313 523
3 523 2313 2333
3 2315 2314 551
3 2382 2314 2381
3 550 2316 2315
3 2455 2315 2454
3 2314 2316 255
3 2318 2316 2317
3 248 2318 2317
3 248 2317 2329
3 2316 2318 255
3 255 2318 2345
3 2320 2319 559
3 559 2319 2224
3 557 2321 2320
3 557 2320 2378
3 2319 2321 558
3 2326 2321 2325
3 2226 2322 559
3 2428 2322 2383
3 549 2322 2323
3 2328 2323 2327
3 2224 2324 560
3 560 2324 2426
3 552 2326 2325
3 2425 2325 2377
3 2321 2326 558
3 2379 2326 2380
3 224 2328 2327
3 2357 2327 2358
3 2323 2328 549
3 549 2328 2370
3 2330 2329 546
3 2317 2439 2329
3 539 2331 2330
3 539 2330 2047
3 2329 2331 248
3 1938 2332 2331
3 248 2331 2332
3 248 2332 2287
3 2334 2333 449
3 2313 2385 2333
3 447 2335 2334
3 447 2334 2418
3 2333 2335 523
3 523 2335 2234
3 2308 2336 452
3 452 2336 2301
3 453 2336 2337
3 2421 2337 2420
3 447 2339 2338
3 2072 2304 2338
3 2245 2339 446
3 446 2339 2297
3 2341 2340 256
3 2344 2340 2345
3 262 2342 2341
3 262 2341 2249
3 2340 2342 255
3 2296 2343 2342
3 255 2342 2343
3 2381 2343 2380
3 2340 2344 256
3 256 2344 2444
3 254 2344 2345
3 2318 2394 2345
3 2125 2346 239
3 239 2346 2204
3 247 2346 2347
3 247 2347 2254
3 2262 2348 215
3 215 2348 1977
3 1977 2349 219
3 219 2349 1978
3 2351 2350 120
3 2405 2350 2366
3 118 2352 2351
3 2355 2351 2356
3 2350 2352 122
3 122 2352 2244
3 2273 2353 113
3 2300 2403 2353
3 112 2353 2354
3 2215 2248 2354
3 2351 2355 118
3 118 2355 2274
3 117 2355 2356
3 2401 2356 2400
3 2327 2357 224
3 224 2357 2282
3 251 2357 2358
3 251 2358 2365
3 2360 2359 258
3 2412 2359 2413
3 256 2361 2360
3 2391 2360 2392
3 2359 2361 259
3 2443 2361 2444
3 2363 2362 250
3 2416 2362 2415
3 251 2364 2363
3 2411 2363 2410
3 2362 2364 261
3 261 2364 2250
3 2250 2365 264
3 2358 2390 2365
3 2243 2366 122
3 122 2366 2350
3 125 2366 2367
3 2387 2367 2386
3 521 2238 2368
3 521 2368 2058
3 2047 2369 538
3 2422 2369 2423
3 2371 2370 525
3 2328 2430 2370
3 524 2372 2371
3 524 2371 2310
3 2370 2372 549
3 2312 2383 2372
3 553 2231 2373
3 2424 2373 2423
3 2375 2374 547
3 547 2374 2233
3 554 2376 2375
3 554 2375 2229
3 2374 2376 548
3 2378 2376 2377
3 557 2378 2377
3 557 2377 2325
3 2376 2378 548
3 2320 2428 2378
3 2326 2379 558
3 2294 2440 2379
3 263 2379 2380
3 263 2380 2343
3 2343 2381 255
3 255 2381 2314
3 2314 2382 551
3 551 2382 2454
3 549 2372 2383
3 549 2383 2322
3 449 2385 2384
3 2302 2419 2384
3 2309 2385 524
3 524 2385 2313
3 453 2387 2386
3 2301 2336 2386
3 2367 2387 125
3 125 2387 2281
3 2277 2388 119
3 119 2388 2240
3 2240 2389 450
3 2418 2389 2417
3 264 2365 2390
3 264 2390 2252
3 2360 2391 256
3 2249 2341 2391
3 261 2391 2392
3 2415 2392 2414
3 254 2394 2393
3 254 2393 2479
3 2289 2394 248
3 248 2394 2318
3 2204 2395 240
3 2287 2332 2395
3 117 2397 2396
3 2436 2396 2404
3 2266 2397 217
3 2399 2397 2398
3 221 2399 2398
3 2406 2398 2401
3 2397 2399 217
3 217 2399 2267
3 121 2401 2400
3 121 2400 2268
3 2356 2401 117
3 117 2401 2398
3 113 2403 2402
3 113 2402 2271
3 2275 2403 115
3 115 2403 2300
3 2271 2404 114
3 114 2404 2396
3 2350 2405 120
3 2280 2435 2405
3 2398 2406 221
3 221 2406 2258
3 2258 2407 222
3 2270 2437 2407
3 2409 2408 222
3 222 2408 2259
3 223 2410 2409
3 223 2409 2283
3 2408 2410 250
3 250 2410 2363
3 2363 2411 251
3 2282 2357 2411
3 2359 2412 258
3 2255 2290 2412
3 257 2412 2413
3 2461 2413 2443
3 249 2415 2414
3 2292 2433 2414
3 2392 2415 261
3 261 2415 2362
3 2362 2416 250
3 2259 2408 2416
3 447 2418 2417
3 2297 2339 2417
3 2389 2418 450
3 2334 2419 2418
3 450 2418 2419
3 450 2419 2302
3 126 2421 2420
3 2438 2420 2431
3 2337 2421 453
3 2281 2387 2421
3 2369 2422 538
3 538 2422 2142
3 520 2422 2423
3 520 2423 2373
3 2373 2424 553
3 2457 2424 2456
3 2325 2425 552
3 2230 2429 2425
3 266 2427 2426
3 2324 2440 2426
3 2225 2427 252
3 2293 2432 2427
3 2322 2428 559
3 559 2428 2320
3 552 2425 2429
3 552 2429 2468
3 525 2370 2430
3 2286 2438 2430
3 2310 2431 454
3 454 2431 2420
3 2252 2432 265
3 265 2432 2293
3 249 2414 2433
3 249 2433 2257
3 2267 2434 216
3 2257 2433 2434
3 120 2405 2435
3 2268 2400 2435
3 2396 2436 117
3 2274 2355 2436
3 222 2407 2437
3 2283 2409 2437
3 2420 2438 126
3 126 2438 2286
3 546 2329 2439
3 546 2439 2456
3 558 2379 2440
3 558 2440 2324
3 543 2442 2441
3 2467 2441 2466
3 2056 2442 530
3 2484 2442 2483
3 2361 2443 259
3 259 2443 2413
3 260 2443 2444
3 2344 2479 2444
3 2218 2445 228
3 2472 2445 2471
3 244 2445 2446
3 2015 2465 2446
3 2448 2447 241
3 2473 2447 2462
3 242 2449 2448
3 242 2448 2490
3 2447 2449 231
3 231 2449 2206
3 2288 2450 253
3 253 2450 2393
3 260 2450 2451
3 2256 2461 2451
3 540 2453 2452
3 2138 2470 2452
3 2046 2453 526
3 526 2453 2200
3 556 2455 2454
3 2382 2468 2454
3 2315 2455 550
3 550 2455 2439
3 556 2457 2456
3 2439 2455 2456
3 2424 2457 553
3 553 2457 2232
3 2459 2458 542
3 2050 2478 2458
3 541 2460 2459
3 2486 2459 2485
3 2458 2460 535
3 2470 2460 2469
3 2413 2461 257
3 257 2461 2256
3 231 2124 2462
3 231 2462 2447
3 2464 2463 243
3 2221 2482 2463
3 244 2465 2464
3 244 2464 2492
3 2463 2465 230
3 230 2465 2015
3 544 2467 2466
3 2193 2476 2466
3 2441 2467 543
3 543 2467 2491
3 556 2454 2468
3 2429 2477 2468
3 540 2470 2469
3 2495 2469 2486
3 2460 2470 535
3 535 2470 2138
3 245 2472 2471
3 245 2471 2488
3 2445 2472 228
3 228 2472 1975
3 2447 2473 241
3 241 2473 2494
3 1975 2474 227
3 2487 2474 2488
3 2200 2475 528
3 528 2475 2496
3 544 2466 2476
3 544 2476 2493
3 556 2468 2477
3 2232 2457 2477
3 542 2458 2478
3 2145 2484 2478
3 260 2444 2479
3 2393 2450 2479
3 2481 2480 242
3 2206 2449 2480
3 243 2482 2481
3 2489 2481 2490
3 2480 2482 234
3 234 2482 2221
3 542 2484 2483
3 542 2483 2485
3 2442 2484 530
3 530 2484 2145
3 545 2486 2485
3 2483 2491 2485
3 2459 2486 541
3 541 2486 2469
3 2474 2487 227
3 227 2487 2473
3 246 2487 2488
3 2471 2492 2488
3 2481 2489 243
3 243 2489 2464
3 246 2489 2490
3 2448 2494 2490
3 545 2485 2491
3 2467 2493 2491
3 246 2488 2492
3 2464 2489 2492
3 545 2491 2493
3 2476 2496 2493
3 246 2490 2494
3 2473 2487 2494
3 2469 2495 540
3 540 2495 2475
3 545 2493 2496
3 2475 2495 2496
3 983 750 981
3 750 77 981
3 77 1019 981
3 78 981 1019
3 1188 1792 57
3 1790 1791 1792
3 1791 325 1792
3 325 1793 1792
3 1793 57 1792
3 1278 2 3
3 1908 3 320
3 823 825 2
3 2 825 3
3 320 3 1899
3 1899 3 825
3 986 1 54
3 1004 784 1259
3 784 54 1259
3 54 1 1259
3 1905 1864 1
3 1 1864 1259
3 1457 30 0
3 1585 14 1406
3 1674 0 27
3 702 27 703
3 1406 14 30
3 30 14 0
3 0 14 27
3 14 1160 27
3 27 1160 703
3 1160 13 703
3 703 13 12
3 13 826 12
3 1827 614 1888
3 614 1889 1888
3 1888 1889 881
3 879 881 877
3 877 881 1083
3 1839 1083 1889
3 881 1889 1083
